,Id,TopicId,Topic,Title,Content,Description,UrlComment,PublishedDate,SentimentAI,SentimentQC,Tá»‰ lá»‡,SiteName,SiteId,Channel,Author,AuthorId,UrlTopic,ParentId,Labels1,Labels2,Labels3,Labels4,Type,Level,Caption,Tags,Labels,Verify Sentiment
1793,7587009033878670610_7587410166154511122,6929256661fe19430ca50d22,Vinfast,Thua mua xe Vinfast VF 3 lá»—i náº·ng tai náº¡n ngáº­p nÆ°á»›c háº¿t báº£o hÃ nh #thumuaxetainan #thumuaxevinfasttainan #Vinfast #VF3 #vinfastvf3tainan,"bÃ¡c co e mua 40tr , sl bn cÅ©ng muağŸ¥°ğŸ¥°ğŸ¥°ğŸ¥°ğŸ¥°ğŸ¥°ğŸ¥°ğŸ¥°ğŸ¥°",,https://www.tiktok.com/@thuamuaxetainan/video/7587009033878670610?cid=NzU4NzQxMDE2NjE1NDUxMTEyMg,24/12/2025,Negative,Neutral,AI sai,thuamuaxetainan,6989896262099190811,Tiktok,Thu Mua Xe Tai Náº¡n ToÃ n Quá»‘c,thuamuaxetainan,https://www.tiktok.com/@thuamuaxetainan/video/7587009033878670610?cid=NzU4NzQxMDE2NjE1NDUxMTEyMg,6989896262099190811_7587009033878670610,,,,,tiktokComment,1.0,Ná»™i dung chá»‰ trÃ­ch xe Vinfast VF 3 vá»›i nhiá»u váº¥n Ä‘á» nghiÃªm trá»ng.,,,neutral
1794,7587009033878670610_7587460044552962837,6929256661fe19430ca50d22,Vinfast,Thua mua xe Vinfast VF 3 lá»—i náº·ng tai náº¡n ngáº­p nÆ°á»›c háº¿t báº£o hÃ nh #thumuaxetainan #thumuaxevinfasttainan #Vinfast #VF3 #vinfastvf3tainan,BÃ¡n nhiu z anh,,https://www.tiktok.com/@thuamuaxetainan/video/7587009033878670610?cid=NzU4NzQ2MDA0NDU1Mjk2MjgzNw,24/12/2025,Negative,Neutral,AI sai,thuamuaxetainan,6989896262099190811,Tiktok,Huy Hay Ä‚n,huyhayan,https://www.tiktok.com/@thuamuaxetainan/video/7587009033878670610?cid=NzU4NzQ2MDA0NDU1Mjk2MjgzNw,6989896262099190811_7587009033878670610,,,,,tiktokComment,1.0,Ná»™i dung chá»‰ trÃ­ch xe Vinfast VF 3 vá»›i nhiá»u váº¥n Ä‘á» nghiÃªm trá»ng.,,,neutral
1796,7587009033878670610_7587375150066074388,6929256661fe19430ca50d22,Vinfast,Thua mua xe Vinfast VF 3 lá»—i náº·ng tai náº¡n ngáº­p nÆ°á»›c háº¿t báº£o hÃ nh #thumuaxetainan #thumuaxevinfasttainan #Vinfast #VF3 #vinfastvf3tainan,em tráº£ 30 triá»‡u ai,,https://www.tiktok.com/@thuamuaxetainan/video/7587009033878670610?cid=NzU4NzM3NTE1MDA2NjA3NDM4OA,24/12/2025,Negative,Neutral,AI sai,thuamuaxetainan,6989896262099190811,Tiktok,Ná»—i nhá»›,dongbrave,https://www.tiktok.com/@thuamuaxetainan/video/7587009033878670610?cid=NzU4NzM3NTE1MDA2NjA3NDM4OA,6989896262099190811_7587009033878670610,,,,,tiktokComment,1.0,Ná»™i dung chá»‰ trÃ­ch xe Vinfast VF 3 vá»›i nhiá»u váº¥n Ä‘á» nghiÃªm trá»ng.,,,neutral
3455,853725630884018_853791430877438,6929256661fe19430ca50d22,Vinfast,"Máº¥y bÃ¡c cho em há»i lÃºc bá»‹ ngáº­p Ä‘i xe cá»§a Vinfast, sau Ä‘áº¥y dÃ¹ng cÃ²n á»•n khÃ´ng? MÃ¬nh má»›i bá»‹ 1 láº§n tháº¥y váº«n á»•n nÃªn chÆ°a Ä‘i báº£o dÆ°á»¡ng 
 MÃ¬nh Ä‘i Vin Evo Ä‘Æ°á»£c hÆ¡n nÄƒm, cháº¡y háº§u nhÆ° ngÃ y nÃ o cÅ©ng Ä‘i lÃ m â€“ Ä‘Ã³n con â€“ Ä‘i siÃªu thá»‹. LÃºc má»›i mua cÅ©ng lo y chang má»i ngÆ°á»i: xe Ä‘iá»‡n mÃ  lá»¡ gáº·p ngáº­p thÃ¬ sao, cÃ³ cháº­p Ä‘iá»‡n khÃ´ng, cÃ³ â€œtoangâ€ pin khÃ´ngâ€¦ Nháº¥t lÃ  xem máº¥y clip ngáº­p nÆ°á»›c trÃªn máº¡ng xong lÃ  hoang mang.
 
 Thá»±c táº¿ dÃ¹ng rá»“i má»›i bá»›t sá»£. MÃ¬nh á»Ÿ HÃ  Ná»™i, mÃ¹a mÆ°a Ä‘Æ°á»ng ngáº­p nhÆ° cÆ¡m bá»¯a, cÃ³ máº¥y láº§n báº¯t buá»™c pháº£i lá»™i qua Ä‘oáº¡n nÆ°á»›c táº§m ná»­a bÃ¡nh, cÃ³ hÃ´m gáº§n cháº¡m gáº§m. Cáº£m giÃ¡c Ä‘áº§u tiÃªn lÃ â€¦ nÃ³ khÃ´ng bá»‹ há»¥t ga hay giáº­t nhÆ° xe xÄƒng trÆ°á»›c Ä‘Ã¢y. MÃ¡y Ãªm, Ä‘i cháº­m cháº­m, Ä‘á»u ga qua lÃ  xong. KhÃ´ng bá»‹ Ã¡m mÃ¹i xÄƒng, khÃ´ng rÃ©o rÃº cÃ¡c kiá»ƒu.
 
 Vá» nhÃ  mÃ¬nh Ä‘á»ƒ xe rÃ¡o nÆ°á»›c rá»“i hÃ´m sau váº«n Ä‘i lÃ m bÃ¬nh thÆ°á»ng, khÃ´ng bÃ¡o lá»—i gÃ¬. Há»“i má»›i thÃ¬ cÃ²n run, Ä‘i qua lÃ  pháº£i lÃªn app, soi thÃ´ng sá»‘, giá» quen rá»“i. Xe Ä‘iá»‡n báº£n cháº¥t kÃ­n Ä‘Ã¡y hÆ¡n, khÃ´ng cÃ³ á»‘ng xáº£, cÅ©ng khÃ´ng cáº§n lo nÆ°á»›c táº¡t vÃ o mÃ¡y nhÆ° há»“i Ä‘i xe xÄƒng.
 
 DÄ© nhiÃªn mÃ¬nh váº«n nÃ© ngáº­p náº·ng, nÆ°á»›c tá»›i chá»— Ä‘á»ƒ chÃ¢n lÃ  mÃ¬nh quay Ä‘áº§u, khÃ´ng dáº¡i gÃ¬. NhÆ°ng vá»›i cÃ¡c kiá»ƒu ngáº­p â€œnháº¹ nhÃ ngâ€ ná»™i thÃ nh giá» cao Ä‘iá»ƒm thÃ¬ Ä‘Ãºng lÃ  bá»›t stress hÆ¡n trÆ°á»›c khÃ¡ nhiá»u.
 
 KhÃ´ng biáº¿t á»Ÿ SÃ i GÃ²n hay cÃ¡c tá»‰nh khÃ¡c anh chá»‹ em Ä‘i xe Ä‘iá»‡n cÃ³ ai tá»«ng lá»™i mÆ°a lá»™i ngáº­p chÆ°a, tráº£i nghiá»‡m tháº¿ nÃ o?","MÃ¬nh thÃ¬ hÆ¡i khÃ¡c chÃºt, váº«n hÆ¡i rÃ©n. HÃ´m trÆ°á»›c Ä‘i qua Ä‘oáº¡n ngáº­p khoáº£ng ná»­a bÃ¡nh, qua Ä‘Æ°á»£c nhÆ°ng lÃºc Ä‘Ã³ tim Ä‘áº­p thÃ¬nh thá»‹ch, cá»© sá»£ nhá»¡ Ä‘Ã¢u nÆ°á»›c vÃ o pin hay gÃ¬ thÃ¬ toang. Cháº¯c do mÃ¬nh chÆ°a quen, váº«n mang tÃ¢m lÃ½ xe xÄƒng.",,http://facebook.com/853725630884018_853791430877438,25/12/2025,Positive,Neutral,AI sai,Há»™i VinFast VF8 Viá»‡t Nam !,323855637204356,Facebook,Sa Kim,61566564743768,http://facebook.com/323855637204356_853725630884018,323855637204356_853725630884018,,,,,fbGroupComment,,"NgÆ°á»i dÃ¹ng cÃ³ tráº£i nghiá»‡m tÃ­ch cá»±c vá»›i xe Vinfast, khÃ´ng gáº·p váº¥n Ä‘á» khi ngáº­p nÆ°á»›c.",,,neutral
3456,853725630884018_853790944210820,6929256661fe19430ca50d22,Vinfast,"Máº¥y bÃ¡c cho em há»i lÃºc bá»‹ ngáº­p Ä‘i xe cá»§a Vinfast, sau Ä‘áº¥y dÃ¹ng cÃ²n á»•n khÃ´ng? MÃ¬nh má»›i bá»‹ 1 láº§n tháº¥y váº«n á»•n nÃªn chÆ°a Ä‘i báº£o dÆ°á»¡ng 
 MÃ¬nh Ä‘i Vin Evo Ä‘Æ°á»£c hÆ¡n nÄƒm, cháº¡y háº§u nhÆ° ngÃ y nÃ o cÅ©ng Ä‘i lÃ m â€“ Ä‘Ã³n con â€“ Ä‘i siÃªu thá»‹. LÃºc má»›i mua cÅ©ng lo y chang má»i ngÆ°á»i: xe Ä‘iá»‡n mÃ  lá»¡ gáº·p ngáº­p thÃ¬ sao, cÃ³ cháº­p Ä‘iá»‡n khÃ´ng, cÃ³ â€œtoangâ€ pin khÃ´ngâ€¦ Nháº¥t lÃ  xem máº¥y clip ngáº­p nÆ°á»›c trÃªn máº¡ng xong lÃ  hoang mang.
 
 Thá»±c táº¿ dÃ¹ng rá»“i má»›i bá»›t sá»£. MÃ¬nh á»Ÿ HÃ  Ná»™i, mÃ¹a mÆ°a Ä‘Æ°á»ng ngáº­p nhÆ° cÆ¡m bá»¯a, cÃ³ máº¥y láº§n báº¯t buá»™c pháº£i lá»™i qua Ä‘oáº¡n nÆ°á»›c táº§m ná»­a bÃ¡nh, cÃ³ hÃ´m gáº§n cháº¡m gáº§m. Cáº£m giÃ¡c Ä‘áº§u tiÃªn lÃ â€¦ nÃ³ khÃ´ng bá»‹ há»¥t ga hay giáº­t nhÆ° xe xÄƒng trÆ°á»›c Ä‘Ã¢y. MÃ¡y Ãªm, Ä‘i cháº­m cháº­m, Ä‘á»u ga qua lÃ  xong. KhÃ´ng bá»‹ Ã¡m mÃ¹i xÄƒng, khÃ´ng rÃ©o rÃº cÃ¡c kiá»ƒu.
 
 Vá» nhÃ  mÃ¬nh Ä‘á»ƒ xe rÃ¡o nÆ°á»›c rá»“i hÃ´m sau váº«n Ä‘i lÃ m bÃ¬nh thÆ°á»ng, khÃ´ng bÃ¡o lá»—i gÃ¬. Há»“i má»›i thÃ¬ cÃ²n run, Ä‘i qua lÃ  pháº£i lÃªn app, soi thÃ´ng sá»‘, giá» quen rá»“i. Xe Ä‘iá»‡n báº£n cháº¥t kÃ­n Ä‘Ã¡y hÆ¡n, khÃ´ng cÃ³ á»‘ng xáº£, cÅ©ng khÃ´ng cáº§n lo nÆ°á»›c táº¡t vÃ o mÃ¡y nhÆ° há»“i Ä‘i xe xÄƒng.
 
 DÄ© nhiÃªn mÃ¬nh váº«n nÃ© ngáº­p náº·ng, nÆ°á»›c tá»›i chá»— Ä‘á»ƒ chÃ¢n lÃ  mÃ¬nh quay Ä‘áº§u, khÃ´ng dáº¡i gÃ¬. NhÆ°ng vá»›i cÃ¡c kiá»ƒu ngáº­p â€œnháº¹ nhÃ ngâ€ ná»™i thÃ nh giá» cao Ä‘iá»ƒm thÃ¬ Ä‘Ãºng lÃ  bá»›t stress hÆ¡n trÆ°á»›c khÃ¡ nhiá»u.
 
 KhÃ´ng biáº¿t á»Ÿ SÃ i GÃ²n hay cÃ¡c tá»‰nh khÃ¡c anh chá»‹ em Ä‘i xe Ä‘iá»‡n cÃ³ ai tá»«ng lá»™i mÆ°a lá»™i ngáº­p chÆ°a, tráº£i nghiá»‡m tháº¿ nÃ o?","Äá»c bÃ i cá»§a báº¡n tháº¥y Ä‘á»“ng cáº£m, mÃ¬nh lÃºc má»›i láº¥y xe cÅ©ng ngá»“i cÃ y cáº£ Ä‘á»‘ng clip ngáº­p nÆ°á»›c, tai náº¡n nÃ y kia nÃªn hoang mang láº¯m. DÃ¹ng dáº§n má»›i tháº¥y Ä‘i trong phá»‘, mÆ°a giÃ³ ngáº­p nháº¹ cÅ©ng khÃ´ng Ä‘áº¿n má»©c Ä‘Ã¡ng sá»£ nhÆ° tÆ°á»Ÿng tÆ°á»£ng ban Ä‘áº§u.",,http://facebook.com/853725630884018_853790944210820,25/12/2025,Positive,Neutral,AI sai,Há»™i VinFast VF8 Viá»‡t Nam !,323855637204356,Facebook,TrÃ  Giang,100030411920918,http://facebook.com/323855637204356_853725630884018,323855637204356_853725630884018,,,,,fbGroupComment,,"NgÆ°á»i dÃ¹ng cÃ³ tráº£i nghiá»‡m tÃ­ch cá»±c vá»›i xe Vinfast, khÃ´ng gáº·p váº¥n Ä‘á» khi ngáº­p nÆ°á»›c.",,,neutral
3458,4382796761952247_4386128278285762,6929256661fe19430ca50d22,Vinfast,"MÃ¬nh chia sáº» cÃ¢u chuyá»‡n nÃ y vá»›i mong muá»‘n Ä‘Æ°á»£c xá»­ lÃ½ minh báº¡ch, thá»a Ä‘Ã¡ng, Ä‘á»“ng thá»i Ä‘á»ƒ nhá»¯ng ai Ä‘ang hoáº·c sáº¯p mua xe cÃ³ thÃªm gÃ³c nhÃ¬n vá» tráº£i nghiá»‡m háº­u mÃ£i thá»±c táº¿ cá»§a VinFast.
 
 NgÃ y 13/12/2025, mÃ¬nh nháº­n xe VinFast VF3 (xe má»›i 100%) táº¡i Nam Tá»« LiÃªm. Tuy nhiÃªn, sau ~35km, xe khÃ´ng thá»ƒ chuyá»ƒn sá»‘ do máº¥t káº¿t ná»‘i chÃ¬a khÃ³a, pháº£i gá»i cá»©u há»™ Ä‘Æ°a vá» xÆ°á»Ÿng VinFast Báº¯c Ninh.
 Sau xá»­ lÃ½ ban Ä‘áº§u, test láº¡i ~200m xe tiáº¿p tá»¥c bÃ¡o nhiá»u lá»—i nghiÃªm trá»ng liÃªn quan truyá»n Ä‘á»™ng, pin, há»™p sá»‘ vÃ  há»‡ thá»‘ng an toÃ n.Äáº¿n 21/12 xÆ°á»Ÿng thÃ´ng bÃ¡o Ä‘Ã£ thay toÃ n bá»™ dÃ¢y Ä‘iá»‡n sÃ n, Ä‘iá»‡n tablo vÃ  BCM.
 MÃ¬nh Ä‘Ã£ gá»­i email khiáº¿u náº¡i, liÃªn há»‡ hotline vÃ  Ä‘áº¡i lÃ½, nhÆ°ng sau hÆ¡n 8 ngÃ y chÆ°a cÃ³ pháº£n há»“i chÃ­nh thá»©c báº±ng vÄƒn báº£n, chá»‰ thÃ´ng tin miá»‡ng lÃ  Ã¡p dá»¥ng báº£o hÃ nh.
 Vá»›i má»™t chiáº¿c xe má»›i lá»—i nghiÃªm trá»ng ngay ngÃ y Ä‘áº§u, mÃ¬nh khÃ´ng nháº­n láº¡i VF3 vÃ  Ä‘á» xuáº¥t VinFast xem xÃ©t Ä‘á»•i sang VF7 Eco vÃ  bÃ¹ thÃªm chi phÃ­ theo chÃ­nh sÃ¡ch cá»§a VF7 , Ä‘á»ƒ Ä‘áº£m báº£o an toÃ n vÃ  quyá»n lá»£i khÃ¡ch hÃ ng
 
 MÃ¬nh chia sáº» cÃ¢u chuyá»‡n nÃ y khÃ´ng nháº±m cÃ´ng kÃ­ch hay quy káº¿t cÃ¡ nhÃ¢n/tá»• chá»©c, mÃ  mong:VinFast cÃ³ pháº£n há»“i minh báº¡ch, chÃ­nh thá»©c báº±ng vÄƒn báº£n .CÃ³ cÃ¡ch xá»­ lÃ½ phÃ¹ há»£p cho cÃ¡c trÆ°á»ng há»£p xe lá»—i ngay khi bÃ n giao .Thá»ƒ hiá»‡n tinh tháº§n Ä‘áº·t tráº£i nghiá»‡m vÃ  quyá»n lá»£i khÃ¡ch hÃ ng lÃ m trá»ng tÃ¢m, Ä‘Ãºng vá»›i ká»³ vá»ng cá»§a ngÆ°á»i tiÃªu dÃ¹ng Ä‘á»‘i vá»›i má»™t thÆ°Æ¡ng hiá»‡u lá»›n
 
 Ráº¥t mong nháº­n Ä‘Æ°á»£c sá»± láº¯ng nghe vÃ  pháº£n há»“i rÃµ rÃ ng tá»« VinFast.","NgÆ°á»i tham gia áº©n danh 369 Ä‘á»•i Ä‘c bÃ¡c, lÃ m láº¡i giáº¥y tá» thÃ´i. Quan trá»ng lÃ  hÃ£nh cÃ³ Ä‘á»“ng Ã½ k. Thu há»“i 1 cÃ¡i xe thÃ¬ ngta tá»± cÃ³ cÃ¡ch xá»­ lÃ½ bÃ¡c Ã .",,http://facebook.com/4382796761952247_4386128278285762,25/12/2025,Negative,Neutral,AI sai,VinFast VF3 Viá»‡t Nam - VINNO CLUB,3613721482193116,Facebook,NgÆ°á»i Truyá»n Lá»­a,100005458275979,http://facebook.com/3613721482193116_4382796761952247,3613721482193116_4382796761952247,,,,,fbGroupComment,1.0,"NgÆ°á»i dÃ¹ng gáº·p nhiá»u lá»—i nghiÃªm trá»ng vá»›i xe má»›i, thá»ƒ hiá»‡n sá»± khÃ´ng hÃ i lÃ²ng.",,,neutral
3462,7587585542246649096_7587727145046213384,6929256661fe19430ca50d22,Vinfast,Xe Ä‘iá»‡n cá»¥ thá»ƒ lÃ  vf5 sau 10 váº¡n nÃ³ nhÆ° tháº¿ nÃ o váº­y cÃ¡c bÃ¡c. E xin Ã½ kiáº¿n tá»« cÃ¡c bÃ¡c cháº¡y tháº­t nhÃ© cÃ²n cÃ¡c bÃ¡c k cháº¡y mÃ  phá»ng Ä‘oÃ¡n thÃ¬ e biáº¿t rá»“i áº¡. #laixe #oto #vinno #vf5 #xedien,ráº¥t tháº­t.pháº£i cáº£m Æ¡n nhá»¯ng ngÆ°á»i nhÆ° b.náº¿u nhÆ° váº­y thÃ¬ háº¿t 180k báº£o hÃ nh thÃ¬ vá»©t 2 láº§n rá»“i nhá»‰,,https://www.tiktok.com/@tolavinno/video/7587585542246649096?cid=NzU4NzcyNzE0NTA0NjIxMzM4NA,25/12/2025,Negative,Neutral,AI sai,tolavinno,6833946661535024130,Tiktok,VÅ© Tiáº¿n TÃ¹ng,1993.phay.or.run,https://www.tiktok.com/@tolavinno/video/7587585542246649096?cid=NzU4NzcyNzE0NTA0NjIxMzM4NA,6833946661535024130_7587585542246649096,,,,,tiktokComment,1.0,Ná»™i dung khÃ´ng Ä‘á» cáº­p Ä‘áº¿n main keywords. Ná»™i dung thá»ƒ hiá»‡n sá»± khÃ´ng hÃ i lÃ²ng vÃ  lo ngáº¡i vá» cháº¥t lÆ°á»£ng xe.,,,neutral
3464,7587708205568888072_7587758523955266324,6929256661fe19430ca50d22,Vinfast,Vingroup khÃ´ng lÃ m Ä‘Æ°á»ng sáº¯t cao tá»‘c Báº¯c Nam ná»¯a #vingroup #duongsatcaotocbacnam #phamnhatvuong #chienhalo #cuienhalotintuc,Vinhome..Vinfast. Vinmec. Vinschool. loáº¡i m thÃ¬ lÃ m chÃ³a gÃ¬ Ä‘c tráº£i nhiá»‡m dá»‹ch vá»¥ cao cáº¥p cá»§a Vin mÃ  to má»“m. ngá»“i nhÃ  cÃ o phÃ­m,"Ä‘Æ°á»ng sáº¯t cao tá»‘c báº¯c nam,Cao Tá»‘c Báº¯c Nam,vingroup",https://www.tiktok.com/@chienhalo/video/7587708205568888072?cid=NzU4Nzc1ODUyMzk1NTI2NjMyNA,25/12/2025,Negative,Neutral,AI sai,chienhalo,6801356182038070273,Tiktok,DÆ°Æ¡ng ThÃ nh,dng.thnh018,https://www.tiktok.com/@chienhalo/video/7587708205568888072?cid=NzU4Nzc1ODUyMzk1NTI2NjMyNA,6801356182038070273_7587708205568888072,,,,,tiktokComment,1.0,Ná»™i dung chá»‰ trÃ­ch Vingroup khÃ´ng thá»±c hiá»‡n dá»± Ã¡n Ä‘Æ°á»ng sáº¯t cao tá»‘c.,,,neutral
3465,7587585542246649096_7587757742426768136,6929256661fe19430ca50d22,Vinfast,Xe Ä‘iá»‡n cá»¥ thá»ƒ lÃ  vf5 sau 10 váº¡n nÃ³ nhÆ° tháº¿ nÃ o váº­y cÃ¡c bÃ¡c. E xin Ã½ kiáº¿n tá»« cÃ¡c bÃ¡c cháº¡y tháº­t nhÃ© cÃ²n cÃ¡c bÃ¡c k cháº¡y mÃ  phá»ng Ä‘oÃ¡n thÃ¬ e biáº¿t rá»“i áº¡. #laixe #oto #vinno #vf5 #xedien,Tháº­t mÃ  lÃºc mua ai cÅ©ng chÃª nÃ y ná» nÃ³i Ä‘á»§ thá»© nhÆ°ng mua lm dá»‹ch vá»¥ mÃ  dc cÃ¡i miá»…n phÃ­ xáº¡c báº£o dÆ°á»¡ng ráº» nÃªn cá»‘ cÃ y áº¥y báº¡n nÃªn xe mÃ¬nh mua mÃ¬nh biáº¿t thÃ´i,,https://www.tiktok.com/@tolavinno/video/7587585542246649096?cid=NzU4Nzc1Nzc0MjQyNjc2ODEzNg,25/12/2025,Positive,Neutral,AI sai,tolavinno,6833946661535024130,Tiktok,A YÃªu,t912119,https://www.tiktok.com/@tolavinno/video/7587585542246649096?cid=NzU4Nzc1Nzc0MjQyNjc2ODEzNg,6833946661535024130_7587585542246649096,,,,,tiktokComment,,Ná»™i dung khÃ´ng Ä‘á» cáº­p Ä‘áº¿n main keywords. Ná»™i dung thá»ƒ hiá»‡n sá»± hÃ i lÃ²ng vá»›i xe Ä‘iá»‡n vÃ  dá»‹ch vá»¥ Ä‘i kÃ¨m.,,,neutral
6572,7587649349719510279_7587950953589146376,6929256661fe19430ca50d22,Vinfast,"Kiáº¿p náº¡n xe Äiá»‡n Vin PhÃ©t, VF3, Báº¡n cÃ³ há»‘i háº­n khÃ´ng ? #vinfast #vinfastvf3",Trong ná»™i thÃ nh thÃ¬ cá»©u há»™ Ä‘áº¿n nhanh thui..rÃ¡ng lÃªn bÃ©ğŸ˜,,https://www.tiktok.com/@memut1706/video/7587649349719510279?cid=NzU4Nzk1MDk1MzU4OTE0NjM3Ng,26/12/2025,Negative,Positive,AI sai,memut1706,6769763228617884673,Tiktok,Saigon2025,saigon202559,https://www.tiktok.com/@memut1706/video/7587649349719510279?cid=NzU4Nzk1MDk1MzU4OTE0NjM3Ng,6769763228617884673_7587649349719510279,,,,,tiktokComment,,"VÄƒn báº£n Ä‘á» cáº­p 'vinfast', thá»ƒ hiá»‡n cáº£m xÃºc tiÃªu cá»±c vá» xe Ä‘iá»‡n.",,,neutral
6574,2327320807778438_2327321034445082,6929256661fe19430ca50d22,Vinfast,"Táº¡i sao ae VF8 pháº£i tá»‘n kÃ©m nhiá»u láº§n vÃ o hÃ£ng thay gáº¡t mÆ°a mÃ  váº©n bá»‹ kÃªu rÃ­t Ä‘á»ƒ láº¡i vá»‡t áº¡. 
 âœï¸Cháº¥m ib e Ä‘áº£m báº£o Ãªm sáº¡ch trong veo luÃ´n áº¡",ib e tÆ° váº¥n áº¡,,http://facebook.com/2327320807778438_2327321034445082,26/12/2025,Negative,Neutral,AI sai,"Há»™i VinFast VF8, VF 8 Viá»‡t Namâ„¢ (VinFastVF8ClubVN)",1167278443782686,Facebook,Trung Anh,100011814879539,http://facebook.com/1167278443782686_2327320807778438,1167278443782686_2327320807778438,,,,,fbGroupComment,,VÄƒn báº£n Ä‘á» cáº­p Ä‘áº¿n Vinfast VF8 vÃ  thá»ƒ hiá»‡n sá»± khÃ´ng hÃ i lÃ²ng vá» cháº¥t lÆ°á»£ng gáº¡t mÆ°a.,,,neutral
6575,2327320807778438_2327320981111754,6929256661fe19430ca50d22,Vinfast,"Táº¡i sao ae VF8 pháº£i tá»‘n kÃ©m nhiá»u láº§n vÃ o hÃ£ng thay gáº¡t mÆ°a mÃ  váº©n bá»‹ kÃªu rÃ­t Ä‘á»ƒ láº¡i vá»‡t áº¡. 
 âœï¸Cháº¥m ib e Ä‘áº£m báº£o Ãªm sáº¡ch trong veo luÃ´n áº¡",,,http://facebook.com/2327320807778438_2327320981111754,26/12/2025,Negative,Neutral,AI sai,"Há»™i VinFast VF8, VF 8 Viá»‡t Namâ„¢ (VinFastVF8ClubVN)",1167278443782686,Facebook,Trung Anh,100011814879539,http://facebook.com/1167278443782686_2327320807778438,1167278443782686_2327320807778438,,,,,fbGroupComment,,VÄƒn báº£n Ä‘á» cáº­p Ä‘áº¿n Vinfast VF8 vÃ  thá»ƒ hiá»‡n sá»± khÃ´ng hÃ i lÃ²ng vá» cháº¥t lÆ°á»£ng gáº¡t mÆ°a.,,,neutral
6576,2327320807778438_2327320954445090,6929256661fe19430ca50d22,Vinfast,"Táº¡i sao ae VF8 pháº£i tá»‘n kÃ©m nhiá»u láº§n vÃ o hÃ£ng thay gáº¡t mÆ°a mÃ  váº©n bá»‹ kÃªu rÃ­t Ä‘á»ƒ láº¡i vá»‡t áº¡. 
 âœï¸Cháº¥m ib e Ä‘áº£m báº£o Ãªm sáº¡ch trong veo luÃ´n áº¡",,,http://facebook.com/2327320807778438_2327320954445090,26/12/2025,Negative,Neutral,AI sai,"Há»™i VinFast VF8, VF 8 Viá»‡t Namâ„¢ (VinFastVF8ClubVN)",1167278443782686,Facebook,Trung Anh,100011814879539,http://facebook.com/1167278443782686_2327320807778438,1167278443782686_2327320807778438,,,,,fbGroupComment,,VÄƒn báº£n Ä‘á» cáº­p Ä‘áº¿n Vinfast VF8 vÃ  thá»ƒ hiá»‡n sá»± khÃ´ng hÃ i lÃ²ng vá» cháº¥t lÆ°á»£ng gáº¡t mÆ°a.,,,neutral
6577,7587723698644290823_7588007001365496594,6929256661fe19430ca50d22,Vinfast,"xe nhá»¯ng gáº§n 300tr mÃ  ko trang bá»‹ giáº£m sÃ³c bÃ³ng hÆ¡i,ko cÃ³ cÃ¢n báº±ng Ä‘iá»‡n tá»­,ko cÃ³ gháº¿ chá»‰nh Ä‘iá»‡n 8 hÆ°á»›ng cÃ²n ko cÃ³ cáº£ cá»‘p Ä‘iá»‡n ná»¯a #vinfast #vinfastvf3 #vf3 #xuhuong","GiÃ¡ trá»‹ thá»±c thÃ¬ so vá»›i máº·t báº±ng chung, xe vá»›i má»©c giÃ¡ 300 lÃ  hÃ ng ráº» rÃ¡ch Ä‘i tráº£i nghiá»‡m lÃ  chÃ­nh. Bao sáº¡c thÃ¬ cÃ²n tuá»³, bÃ¡c Ä‘i dá»‹ch vá»¥ thÃ¬ bá» ra 300tr láº¡i ngon, Ä‘i nhÃ  thÃ¬ bÃ¬nh thÆ°á»ng. Tuá»³ vÃ o tÆ° duy cá»§a bÃ¡c tá»›i Ä‘Ã¢u thÃ´i",VinFast,https://www.tiktok.com/@phantradeptrai/video/7587723698644290823?cid=NzU4ODAwNzAwMTM2NTQ5NjU5NA,26/12/2025,Negative,Neutral,AI sai,phantradeptrai,6902268232083817473,Tiktok,HoÃ ng LÃ¢m.,khc.in2,https://www.tiktok.com/@phantradeptrai/video/7587723698644290823?cid=NzU4ODAwNzAwMTM2NTQ5NjU5NA,6902268232083817473_7587723698644290823,,,,,tiktokComment,,VÄƒn báº£n Ä‘á» cáº­p Vinfast vÃ  thá»ƒ hiá»‡n cáº£m xÃºc tiÃªu cá»±c vá» giÃ¡ trá»‹ vÃ  tÃ­nh nÄƒng.,,,neutral
6578,7587723698644290823_7588004267169792786,6929256661fe19430ca50d22,Vinfast,"xe nhá»¯ng gáº§n 300tr mÃ  ko trang bá»‹ giáº£m sÃ³c bÃ³ng hÆ¡i,ko cÃ³ cÃ¢n báº±ng Ä‘iá»‡n tá»­,ko cÃ³ gháº¿ chá»‰nh Ä‘iá»‡n 8 hÆ°á»›ng cÃ²n ko cÃ³ cáº£ cá»‘p Ä‘iá»‡n ná»¯a #vinfast #vinfastvf3 #vf3 #xuhuong",V a cáº§m 300 Ä‘Ã³ mua xe cá» r vá» chÄƒm Ä‘á»• xÄƒng Ä‘á»“ báº£o dÆ°á»¡ng dÃ´ chá»© e nuÃ´i xe xÄƒng máº¥y nÄƒm cÅ©ng ngÃ¡n láº¯m,VinFast,https://www.tiktok.com/@phantradeptrai/video/7587723698644290823?cid=NzU4ODAwNDI2NzE2OTc5Mjc4Ng,26/12/2025,Negative,Neutral,AI sai,phantradeptrai,6902268232083817473,Tiktok,HoÃ ng Minh ThÆ°,minhhthuu2k2,https://www.tiktok.com/@phantradeptrai/video/7587723698644290823?cid=NzU4ODAwNDI2NzE2OTc5Mjc4Ng,6902268232083817473_7587723698644290823,,,,,tiktokComment,,VÄƒn báº£n Ä‘á» cáº­p Vinfast vÃ  thá»ƒ hiá»‡n sá»± khÃ´ng hÃ i lÃ²ng vá» trang bá»‹ cá»§a xe.,,,neutral
6579,7588069322237529351_7588769908328334098,6929256661fe19430ca50d22,Vinfast,Há»i tháº­t AE giá» mÃ  háº¿t mÃ  miá»…n phÃ­ sáº¡c AE cÃ³ cÃ²n mua xe Ä‘iá»‡n ná»¯a k ? #vinfast #vf7,"Háº¿t thÃ¬ Ä‘á»•i xe khÃ¡c, phÆ°Æ¡ng tiá»‡n Ä‘i láº¡i mÃ  suy nghÄ© nhiá»u rá»©a trá»i. Cá»© xe nÃ o háº¿t báº£o hÃ nh 3 nÄƒm cá»§a hÃ£ng thÃ¬ thanh lÃ½ lÃªn xe má»›i thÃ´i !!!",,https://www.tiktok.com/@phantradeptrai/video/7588069322237529351?cid=NzU4ODc2OTkwODMyODMzNDA5OA,28/12/2025,Negative,Neutral,AI sai,phantradeptrai,6902268232083817473,Tiktok,ThÃ nh Nguyá»…n,tee120391,https://www.tiktok.com/@phantradeptrai/video/7588069322237529351?cid=NzU4ODc2OTkwODMyODMzNDA5OA,6902268232083817473_7588069322237529351,,,,,tiktokComment,,"VÄƒn báº£n Ä‘á» cáº­p Ä‘áº¿n Vinfast vÃ  thá»ƒ hiá»‡n sá»± lo láº¯ng, tiÃªu cá»±c vá» chÃ­nh sÃ¡ch sáº¡c.",,,neutral
6582,7588069322237529351_7588824202729669393,6929256661fe19430ca50d22,Vinfast,Há»i tháº­t AE giá» mÃ  háº¿t mÃ  miá»…n phÃ­ sáº¡c AE cÃ³ cÃ²n mua xe Ä‘iá»‡n ná»¯a k ? #vinfast #vf7,Cháº¥t lÆ°á»£ng dá»‹ch vá»¥ vÃ  Ä‘á»™ an toÃ n thg cá»‘ thÃ´ng minh Æ¡i ğŸ˜‚ láº¡y m bá»‘ cÃ¡i thg cháº¡y khÃ¡ch giÃ¡ ráº» biá»‡n minh,,https://www.tiktok.com/@phantradeptrai/video/7588069322237529351?cid=NzU4ODgyNDIwMjcyOTY2OTM5Mw,28/12/2025,Negative,Neutral,AI sai,phantradeptrai,6902268232083817473,Tiktok,VÄ‚N Táº¤N,vantan62la,https://www.tiktok.com/@phantradeptrai/video/7588069322237529351?cid=NzU4ODgyNDIwMjcyOTY2OTM5Mw,6902268232083817473_7588069322237529351,,,,,tiktokComment,,"VÄƒn báº£n Ä‘á» cáº­p 'vinfast', thá»ƒ hiá»‡n sá»± khÃ´ng hÃ i lÃ²ng vá» dá»‹ch vá»¥ vÃ  giÃ¡ cáº£.",,,neutral
6583,7588069322237529351_7588744534785082130,6929256661fe19430ca50d22,Vinfast,Há»i tháº­t AE giá» mÃ  háº¿t mÃ  miá»…n phÃ­ sáº¡c AE cÃ³ cÃ²n mua xe Ä‘iá»‡n ná»¯a k ? #vinfast #vf7,Tháº¿ doanh nghiá»‡p xe cá»§a nÆ°á»›c nhÃ  mÃ  sáº£n xuáº¥t pháº§n lá»›n lÃ  xe dá»‹ch vá»¥ m tháº¥y cÃ³ á»•n k,,https://www.tiktok.com/@phantradeptrai/video/7588069322237529351?cid=NzU4ODc0NDUzNDc4NTA4MjEzMA,28/12/2025,Negative,Neutral,AI sai,phantradeptrai,6902268232083817473,Tiktok,DuyBien14,neibyud14,https://www.tiktok.com/@phantradeptrai/video/7588069322237529351?cid=NzU4ODc0NDUzNDc4NTA4MjEzMA,6902268232083817473_7588069322237529351,,,,,tiktokComment,,VÄƒn báº£n Ä‘á» cáº­p Ä‘áº¿n Vinfast vÃ  thá»ƒ hiá»‡n sá»± lo ngáº¡i vá» chiáº¿n lÆ°á»£c kinh doanh.,,,neutral
6584,7588069322237529351_7588731831202579221,6929256661fe19430ca50d22,Vinfast,Há»i tháº­t AE giá» mÃ  háº¿t mÃ  miá»…n phÃ­ sáº¡c AE cÃ³ cÃ²n mua xe Ä‘iá»‡n ná»¯a k ? #vinfast #vf7,Xe dá»‹ch vá»¥ ko pháº£i lÃ  xe ah b? Ko Ä‘c tÃ­nh vÃ o doanh sá»‘ ah? Hay doanh sá»‘ chá»‰ tÃ­nh xe biá»ƒn tráº¯ngğŸ˜Œ,,https://www.tiktok.com/@phantradeptrai/video/7588069322237529351?cid=NzU4ODczMTgzMTIwMjU3OTIyMQ,28/12/2025,Negative,Neutral,AI sai,phantradeptrai,6902268232083817473,Tiktok,chefviet68,chefviet68,https://www.tiktok.com/@phantradeptrai/video/7588069322237529351?cid=NzU4ODczMTgzMTIwMjU3OTIyMQ,6902268232083817473_7588069322237529351,,,,,tiktokComment,,"VÄƒn báº£n Ä‘á» cáº­p 'vinfast', thá»ƒ hiá»‡n sá»± hoÃ i nghi vá» viá»‡c mua xe Ä‘iá»‡n.",,,neutral
6585,7588069322237529351_7588241261254279944,6929256661fe19430ca50d22,Vinfast,Há»i tháº­t AE giá» mÃ  háº¿t mÃ  miá»…n phÃ­ sáº¡c AE cÃ³ cÃ²n mua xe Ä‘iá»‡n ná»¯a k ? #vinfast #vf7,TÃ´i chá»‰ sá»£ cÃºp Ä‘iá»‡n Ä‘á»™t xuáº¥t sá»­a chá»¯a thÃ´i. Sáº¡c thÃ¬ kh Ä‘Ã¡ng lo láº¯m,,https://www.tiktok.com/@phantradeptrai/video/7588069322237529351?cid=NzU4ODI0MTI2MTI1NDI3OTk0NA,27/12/2025,Negative,Neutral,AI sai,phantradeptrai,6902268232083817473,Tiktok,MÃ¬nh TÃ¢n Travel,minhtan.travel,https://www.tiktok.com/@phantradeptrai/video/7588069322237529351?cid=NzU4ODI0MTI2MTI1NDI3OTk0NA,6902268232083817473_7588069322237529351,,,,,tiktokComment,,VÄƒn báº£n Ä‘á» cáº­p Ä‘áº¿n Vinfast vÃ  thá»ƒ hiá»‡n lo ngáº¡i vá» viá»‡c cÃºp Ä‘iá»‡n.,,,neutral
6586,7588069322237529351_7588233091296428808,6929256661fe19430ca50d22,Vinfast,Há»i tháº­t AE giá» mÃ  háº¿t mÃ  miá»…n phÃ­ sáº¡c AE cÃ³ cÃ²n mua xe Ä‘iá»‡n ná»¯a k ? #vinfast #vf7,mua 3 nÄƒm Ä‘i 16 váº¡n tháº¿ lÃ  háº¿t báº£o hÃ nh tháº¿ cÃ²n 5 nÄƒm Ä‘i Ä‘Ã¢u máº¥t rá»“i báº¡n,,https://www.tiktok.com/@phantradeptrai/video/7588069322237529351?cid=NzU4ODIzMzA5MTI5NjQyODgwOA,27/12/2025,Negative,Neutral,AI sai,phantradeptrai,6902268232083817473,Tiktok,ê§â„³áº¡à¸—É¦ Õ‡É¦áº¯à¸—Õ»ê§‚,manhteor,https://www.tiktok.com/@phantradeptrai/video/7588069322237529351?cid=NzU4ODIzMzA5MTI5NjQyODgwOA,6902268232083817473_7588069322237529351,,,,,tiktokComment,,VÄƒn báº£n Ä‘á» cáº­p Ä‘áº¿n Vinfast vÃ  thá»ƒ hiá»‡n sá»± khÃ´ng hÃ i lÃ²ng vá» chÃ­nh sÃ¡ch báº£o hÃ nh.,,,neutral
6587,7588069322237529351_7588150858182116104,6929256661fe19430ca50d22,Vinfast,Há»i tháº­t AE giá» mÃ  háº¿t mÃ  miá»…n phÃ­ sáº¡c AE cÃ³ cÃ²n mua xe Ä‘iá»‡n ná»¯a k ? #vinfast #vf7,Ä‘Ãºng váº­y nhÆ°ng háº¿t báº£o hÃ nh thÃ¬ sao áº¡ğŸ˜,,https://www.tiktok.com/@phantradeptrai/video/7588069322237529351?cid=NzU4ODE1MDg1ODE4MjExNjEwNA,26/12/2025,Negative,Neutral,AI sai,phantradeptrai,6902268232083817473,Tiktok,ê§â„³áº¡à¸—É¦ Õ‡É¦áº¯à¸—Õ»ê§‚,manhteor,https://www.tiktok.com/@phantradeptrai/video/7588069322237529351?cid=NzU4ODE1MDg1ODE4MjExNjEwNA,6902268232083817473_7588069322237529351,,,,,tiktokComment,,VÄƒn báº£n Ä‘á» cáº­p Ä‘áº¿n Vinfast vÃ  thá»ƒ hiá»‡n lo ngáº¡i vá» báº£o hÃ nh sau khi háº¿t háº¡n.,,,neutral
6588,7588069322237529351_7588188820508721941,6929256661fe19430ca50d22,Vinfast,Há»i tháº­t AE giá» mÃ  háº¿t mÃ  miá»…n phÃ­ sáº¡c AE cÃ³ cÃ²n mua xe Ä‘iá»‡n ná»¯a k ? #vinfast #vf7,mk mua vf5 cháº¡y taxi ko biáº¿t háº¿t 16 váº¡n báº£o hÃ nh pin nÃ³ sáº½ nhÆ° nÃ o Ä‘Ã¢y Ä‘Ã¢m lao rá»“i pháº£i theo lao,,https://www.tiktok.com/@phantradeptrai/video/7588069322237529351?cid=NzU4ODE4ODgyMDUwODcyMTk0MQ,26/12/2025,Negative,Neutral,AI sai,phantradeptrai,6902268232083817473,Tiktok,DÅ©ng bÃ©o,ducdung999,https://www.tiktok.com/@phantradeptrai/video/7588069322237529351?cid=NzU4ODE4ODgyMDUwODcyMTk0MQ,6902268232083817473_7588069322237529351,,,,,tiktokComment,,"VÄƒn báº£n Ä‘á» cáº­p Ä‘áº¿n Vinfast vÃ  thá»ƒ hiá»‡n sá»± lo láº¯ng, tiÃªu cá»±c vá» báº£o hÃ nh.",,,neutral
6589,7588069322237529351_7588205182573314834,6929256661fe19430ca50d22,Vinfast,Há»i tháº­t AE giá» mÃ  háº¿t mÃ  miá»…n phÃ­ sáº¡c AE cÃ³ cÃ²n mua xe Ä‘iá»‡n ná»¯a k ? #vinfast #vf7,"thÃ¬ giÃ¡ váº«n kháº¥u hao bÃ¬nh thÆ°á»ng thÃ´i, chá»© xe xÄƒng thÆ°á»ng báº£o hÃ nh 2 nÄƒm tháº¿ háº¿t báº£o hÃ nh lÃ  xe vá»©t Ä‘i hay sao",,https://www.tiktok.com/@phantradeptrai/video/7588069322237529351?cid=NzU4ODIwNTE4MjU3MzMxNDgzNA,26/12/2025,Negative,Neutral,AI sai,phantradeptrai,6902268232083817473,Tiktok,Phan TrÃ  Vinfast ThÃ¡i NguyÃªn,phantradeptrai,https://www.tiktok.com/@phantradeptrai/video/7588069322237529351?cid=NzU4ODIwNTE4MjU3MzMxNDgzNA,6902268232083817473_7588069322237529351,,,,,tiktokComment,,VÄƒn báº£n Ä‘á» cáº­p Ä‘áº¿n Vinfast vÃ  thá»ƒ hiá»‡n sá»± lo ngáº¡i vá» giÃ¡ vÃ  báº£o hÃ nh.,,,neutral
6590,7588069322237529351_7588203303734543120,6929256661fe19430ca50d22,Vinfast,Há»i tháº­t AE giá» mÃ  háº¿t mÃ  miá»…n phÃ­ sáº¡c AE cÃ³ cÃ²n mua xe Ä‘iá»‡n ná»¯a k ? #vinfast #vf7,MÆ¡ cÃ¡i báº£o hÃ nh áº¥y lgi báº¡n ğŸ˜‚,,https://www.tiktok.com/@phantradeptrai/video/7588069322237529351?cid=NzU4ODIwMzMwMzczNDU0MzEyMA,26/12/2025,Negative,Neutral,AI sai,phantradeptrai,6902268232083817473,Tiktok,Nguyá»…n VÄƒn Thá»‹nh,thinhnguyents,https://www.tiktok.com/@phantradeptrai/video/7588069322237529351?cid=NzU4ODIwMzMwMzczNDU0MzEyMA,6902268232083817473_7588069322237529351,,,,,tiktokComment,,"VÄƒn báº£n Ä‘á» cáº­p 'vinfast', thá»ƒ hiá»‡n sá»± khÃ´ng hÃ i lÃ²ng vá» báº£o hÃ nh vÃ  viá»‡c mua xe.",,,neutral
6591,7588069322237529351_7588194215420904210,6929256661fe19430ca50d22,Vinfast,Há»i tháº­t AE giá» mÃ  háº¿t mÃ  miá»…n phÃ­ sáº¡c AE cÃ³ cÃ²n mua xe Ä‘iá»‡n ná»¯a k ? #vinfast #vf7,Doanh sá»‘ toÃ n xe dá»‹ch vá»¥ tx biá»ƒn vÃ ng chá»© tráº¯ng Ä‘c bnh thá»‹ pháº§n,,https://www.tiktok.com/@phantradeptrai/video/7588069322237529351?cid=NzU4ODE5NDIxNTQyMDkwNDIxMA,26/12/2025,Negative,Neutral,AI sai,phantradeptrai,6902268232083817473,Tiktok,DuyBien14,neibyud14,https://www.tiktok.com/@phantradeptrai/video/7588069322237529351?cid=NzU4ODE5NDIxNTQyMDkwNDIxMA,6902268232083817473_7588069322237529351,,,,,tiktokComment,,"VÄƒn báº£n Ä‘á» cáº­p 'vinfast', thá»ƒ hiá»‡n sá»± hoÃ i nghi vá» doanh sá»‘ vÃ  chÃ­nh sÃ¡ch sáº¡c.",,,neutral
6592,7588069322237529351_7588382390919496456,6929256661fe19430ca50d22,Vinfast,Há»i tháº­t AE giá» mÃ  háº¿t mÃ  miá»…n phÃ­ sáº¡c AE cÃ³ cÃ²n mua xe Ä‘iá»‡n ná»¯a k ? #vinfast #vf7,cá»©u há»™ cÃ³ máº¥t phÃ­ gÃ¬ k anh,,https://www.tiktok.com/@phantradeptrai/video/7588069322237529351?cid=NzU4ODM4MjM5MDkxOTQ5NjQ1Ng,27/12/2025,Negative,Neutral,AI sai,phantradeptrai,6902268232083817473,Tiktok,Phan TrÃ  Vinfast ThÃ¡i NguyÃªn,phantradeptrai,https://www.tiktok.com/@phantradeptrai/video/7588069322237529351?cid=NzU4ODM4MjM5MDkxOTQ5NjQ1Ng,6902268232083817473_7588069322237529351,,,,,tiktokComment,,VÄƒn báº£n Ä‘á» cáº­p Ä‘áº¿n Vinfast vÃ  thá»ƒ hiá»‡n sá»± lo láº¯ng vá» chi phÃ­ cá»©u há»™.,,,neutral
6593,7588069322237529351_7588394797262979847,6929256661fe19430ca50d22,Vinfast,Há»i tháº­t AE giá» mÃ  háº¿t mÃ  miá»…n phÃ­ sáº¡c AE cÃ³ cÃ²n mua xe Ä‘iá»‡n ná»¯a k ? #vinfast #vf7,ğŸ˜‚ğŸ˜‚ğŸ˜‚ á»§a mua xÃ i ko Ä‘Æ°á»£c sao pháº£i lÃ m dá»‹ch vá»¥ má»›i mua ğŸ˜ğŸ˜,,https://www.tiktok.com/@phantradeptrai/video/7588069322237529351?cid=NzU4ODM5NDc5NzI2Mjk3OTg0Nw,27/12/2025,Negative,Neutral,AI sai,phantradeptrai,6902268232083817473,Tiktok,Thanh DÅ©ng,dung.chu323,https://www.tiktok.com/@phantradeptrai/video/7588069322237529351?cid=NzU4ODM5NDc5NzI2Mjk3OTg0Nw,6902268232083817473_7588069322237529351,,,,,tiktokComment,,"VÄƒn báº£n Ä‘á» cáº­p 'vinfast', thá»ƒ hiá»‡n sá»± khÃ´ng hÃ i lÃ²ng vá» chÃ­nh sÃ¡ch sáº¡c.",,,neutral
6594,7588069322237529351_7588381948147254024,6929256661fe19430ca50d22,Vinfast,Há»i tháº­t AE giá» mÃ  háº¿t mÃ  miá»…n phÃ­ sáº¡c AE cÃ³ cÃ²n mua xe Ä‘iá»‡n ná»¯a k ? #vinfast #vf7,"tháº¿ lÃ  bÃ¡n xe xong pháº£i miá»…n phÃ­ sáº¡c tá»›i 30/6/2027, xong rá»“i cÃ²n pháº£i miá»…n thuáº¿ trÆ°á»›c báº¡, miá»…n phÃ­ thay pin khi háº¿t báº£o hÃ nh ğŸ˜³ğŸ˜³ğŸ˜³",,https://www.tiktok.com/@phantradeptrai/video/7588069322237529351?cid=NzU4ODM4MTk0ODE0NzI1NDAyNA,27/12/2025,Negative,Neutral,AI sai,phantradeptrai,6902268232083817473,Tiktok,Phan TrÃ  Vinfast ThÃ¡i NguyÃªn,phantradeptrai,https://www.tiktok.com/@phantradeptrai/video/7588069322237529351?cid=NzU4ODM4MTk0ODE0NzI1NDAyNA,6902268232083817473_7588069322237529351,,,,,tiktokComment,,"VÄƒn báº£n Ä‘á» cáº­p Ä‘áº¿n Vinfast vÃ  thá»ƒ hiá»‡n sá»± hoÃ i nghi, tiÃªu cá»±c vá» chÃ­nh sÃ¡ch.",,,neutral
6597,7588069322237529351_7588418462935270165,6929256661fe19430ca50d22,Vinfast,Há»i tháº­t AE giá» mÃ  háº¿t mÃ  miá»…n phÃ­ sáº¡c AE cÃ³ cÃ²n mua xe Ä‘iá»‡n ná»¯a k ? #vinfast #vf7,"tiá»n báº£o dÆ°á»¡ng , sá»¯a chá»¯a thay pin bÃ¹ qua tráº¡m sáº¡c váº«n lá»i chÃ¡n ğŸ˜",,https://www.tiktok.com/@phantradeptrai/video/7588069322237529351?cid=NzU4ODQxODQ2MjkzNTI3MDE2NQ,27/12/2025,Positive,Neutral,AI sai,phantradeptrai,6902268232083817473,Tiktok,Tháº§n Deal Äáº¡i Hiá»‡p ğŸ—¡,thandieudaihiep67890,https://www.tiktok.com/@phantradeptrai/video/7588069322237529351?cid=NzU4ODQxODQ2MjkzNTI3MDE2NQ,6902268232083817473_7588069322237529351,,,,,tiktokComment,,VÄƒn báº£n Ä‘á» cáº­p Ä‘áº¿n Vinfast vÃ  thá»ƒ hiá»‡n cáº£m xÃºc tÃ­ch cá»±c vá» viá»‡c sá»­ dá»¥ng xe.,,,neutral
6598,7588069322237529351_7588524197442274066,6929256661fe19430ca50d22,Vinfast,Há»i tháº­t AE giá» mÃ  háº¿t mÃ  miá»…n phÃ­ sáº¡c AE cÃ³ cÃ²n mua xe Ä‘iá»‡n ná»¯a k ? #vinfast #vf7,"ThÃ¬ báº¡n mua xe Ä‘i sáº½ Ä‘c ngta khuyáº¿n cÃ¡o vÃ  cÃ¡c trÆ°á»ng há»£p nÃ o k Ä‘c báº£o hÃ nh, nÃ³i chung thÃ¬ cÅ©ng nhÆ° gÃ³i mÃ¬ tÃ´m ngoÃ i thÃ¬ cÃ³ tÃ´m bÃ³c ra cÃ³ tÃ´m Ä‘Ã¢u ğŸ˜‚ğŸ˜‚ğŸ˜‚",,https://www.tiktok.com/@phantradeptrai/video/7588069322237529351?cid=NzU4ODUyNDE5NzQ0MjI3NDA2Ng,27/12/2025,Negative,Neutral,AI sai,phantradeptrai,6902268232083817473,Tiktok,ÄÃ¨n Dáº§u BÃ£o,kq.2705,https://www.tiktok.com/@phantradeptrai/video/7588069322237529351?cid=NzU4ODUyNDE5NzQ0MjI3NDA2Ng,6902268232083817473_7588069322237529351,,,,,tiktokComment,,VÄƒn báº£n Ä‘á» cáº­p Ä‘áº¿n Vinfast vÃ  thá»ƒ hiá»‡n sá»± khÃ´ng hÃ i lÃ²ng vá» chÃ­nh sÃ¡ch sáº¡c.,,,neutral
6599,7588069322237529351_7588519228161344277,6929256661fe19430ca50d22,Vinfast,Há»i tháº­t AE giá» mÃ  háº¿t mÃ  miá»…n phÃ­ sáº¡c AE cÃ³ cÃ²n mua xe Ä‘iá»‡n ná»¯a k ? #vinfast #vf7,MÃ¬nh tÆ°á»Ÿng báº£o hÃ nh pin 10 nÄƒm náº¿u lá»¡ há»ng cell thÃ¬ cÃ³ Ä‘Æ°á»£c báº£o hÃ nh ko nhá»‰,,https://www.tiktok.com/@phantradeptrai/video/7588069322237529351?cid=NzU4ODUxOTIyODE2MTM0NDI3Nw,27/12/2025,Negative,Neutral,AI sai,phantradeptrai,6902268232083817473,Tiktok,nguyá»…n hoÃ ng,hoang_coitaiwan,https://www.tiktok.com/@phantradeptrai/video/7588069322237529351?cid=NzU4ODUxOTIyODE2MTM0NDI3Nw,6902268232083817473_7588069322237529351,,,,,tiktokComment,,"VÄƒn báº£n Ä‘á» cáº­p Ä‘áº¿n Vinfast vÃ  thá»ƒ hiá»‡n sá»± lo láº¯ng, nghi ngá» vá» chÃ­nh sÃ¡ch báº£o hÃ nh.",,,neutral
6600,7588069322237529351_7588520598671196949,6929256661fe19430ca50d22,Vinfast,Há»i tháº­t AE giá» mÃ  háº¿t mÃ  miá»…n phÃ­ sáº¡c AE cÃ³ cÃ²n mua xe Ä‘iá»‡n ná»¯a k ? #vinfast #vf7,CÃ´ng nghá»‡ nhiá»u trÃ  bÃ¡ sao kos láº¡i ráº» nhÆ° tháº¿. Cá»© háº¿t miá»…n phÃ­ sáº¡c. Háº¿t báº£o hÃ nh má»‘ rÃµ káº¿t quáº£. Xe xÄƒng 10-20 nÄƒm váº«n cháº¡y tá»‘t. Xem 10-20 nÄƒm xe Ä‘iá»‡n nÃ³ sáº½ nhÆ° tháº¿ nÃ o,,https://www.tiktok.com/@phantradeptrai/video/7588069322237529351?cid=NzU4ODUyMDU5ODY3MTE5Njk0OQ,27/12/2025,Negative,Neutral,AI sai,phantradeptrai,6902268232083817473,Tiktok,Vinh Biker,vinhbiker28,https://www.tiktok.com/@phantradeptrai/video/7588069322237529351?cid=NzU4ODUyMDU5ODY3MTE5Njk0OQ,6902268232083817473_7588069322237529351,,,,,tiktokComment,,"VÄƒn báº£n Ä‘á» cáº­p Ä‘áº¿n Vinfast vÃ  thá»ƒ hiá»‡n sá»± lo ngáº¡i, tiÃªu cá»±c vá» xe Ä‘iá»‡n.",,,neutral
6601,7588069322237529351_7588509617936745237,6929256661fe19430ca50d22,Vinfast,Há»i tháº­t AE giá» mÃ  háº¿t mÃ  miá»…n phÃ­ sáº¡c AE cÃ³ cÃ²n mua xe Ä‘iá»‡n ná»¯a k ? #vinfast #vf7,"xe chá»‰ lÃ  cÃ´ng cá»¥, sau Ä‘Ã³ lÃ  vÃ´ vÃ n cÃ¡i theo sau, nháº¹ nhÃ ng cÅ©ng x3 tiá»n, Ä‘áº¥y má»›i lÃ  nÆ¡i kiáº¿m tiá»n chÃ­nh cá»§a nhÃ  sx, VD nhÆ° ai cÅ©ng nÃ³i Ä‘áº¿n miá»…n phÃ­ 5-10 nÄƒm, sau 10 nÄƒm thÃ¬ ntn vÃ  cáº£ quÃ¡ trÃ¬nh váº­n hÃ nh, báº£o dÆ°á»¡ng thÃ¬ tÃ´i ko tháº¥y báº¥t cá»© clip nÃ o nháº¯c Ä‘áº¿n hoáº·c quÃ¡ Ã­t, ko Ä‘áº¡i chÃºng",,https://www.tiktok.com/@phantradeptrai/video/7588069322237529351?cid=NzU4ODUwOTYxNzkzNjc0NTIzNw,27/12/2025,Negative,Neutral,AI sai,phantradeptrai,6902268232083817473,Tiktok,Viá»‡t Nguyá»…n,xovina.no1,https://www.tiktok.com/@phantradeptrai/video/7588069322237529351?cid=NzU4ODUwOTYxNzkzNjc0NTIzNw,6902268232083817473_7588069322237529351,,,,,tiktokComment,,VÄƒn báº£n Ä‘á» cáº­p Ä‘áº¿n Vinfast vÃ  thá»ƒ hiá»‡n sá»± hoÃ i nghi vá» chÃ­nh sÃ¡ch cá»§a hÃ£ng.,,,neutral
6602,7588069322237529351_7588509736594850581,6929256661fe19430ca50d22,Vinfast,Há»i tháº­t AE giá» mÃ  háº¿t mÃ  miá»…n phÃ­ sáº¡c AE cÃ³ cÃ²n mua xe Ä‘iá»‡n ná»¯a k ? #vinfast #vf7,Tá»›i lÃºc sá»­a chá»¯a xe má»›i cÄƒng,,https://www.tiktok.com/@phantradeptrai/video/7588069322237529351?cid=NzU4ODUwOTczNjU5NDg1MDU4MQ,27/12/2025,Negative,Neutral,AI sai,phantradeptrai,6902268232083817473,Tiktok,Huynh TÃ¬nh,huynhtinh1,https://www.tiktok.com/@phantradeptrai/video/7588069322237529351?cid=NzU4ODUwOTczNjU5NDg1MDU4MQ,6902268232083817473_7588069322237529351,,,,,tiktokComment,,VÄƒn báº£n Ä‘á» cáº­p Ä‘áº¿n Vinfast vÃ  thá»ƒ hiá»‡n cáº£m xÃºc tiÃªu cá»±c vá» chi phÃ­ sá»­a chá»¯a.,,,neutral
6603,7588069322237529351_7588525308351054610,6929256661fe19430ca50d22,Vinfast,Há»i tháº­t AE giá» mÃ  háº¿t mÃ  miá»…n phÃ­ sáº¡c AE cÃ³ cÃ²n mua xe Ä‘iá»‡n ná»¯a k ? #vinfast #vf7,Chá»‰ ae dá»‹ch vá»¥ lÃ  ngÆ°á»i hiá»ƒu lá»£i Ã­ch vÃ  Ä‘á»™ bá»n xe Ä‘iá»‡n rÃµ nháº¥t,,https://www.tiktok.com/@phantradeptrai/video/7588069322237529351?cid=NzU4ODUyNTMwODM1MTA1NDYxMA,27/12/2025,Negative,Neutral,AI sai,phantradeptrai,6902268232083817473,Tiktok,Phan TrÃ  Vinfast ThÃ¡i NguyÃªn,phantradeptrai,https://www.tiktok.com/@phantradeptrai/video/7588069322237529351?cid=NzU4ODUyNTMwODM1MTA1NDYxMA,6902268232083817473_7588069322237529351,,,,,tiktokComment,,"VÄƒn báº£n Ä‘á» cáº­p 'vinfast', thá»ƒ hiá»‡n sá»± lo láº¯ng vá» dá»‹ch vá»¥ sáº¡c miá»…n phÃ­.",,,neutral
6604,7588069322237529351_7588544641357595399,6929256661fe19430ca50d22,Vinfast,Há»i tháº­t AE giá» mÃ  háº¿t mÃ  miá»…n phÃ­ sáº¡c AE cÃ³ cÃ²n mua xe Ä‘iá»‡n ná»¯a k ? #vinfast #vf7,ThÃ¬ t Ä‘ang ns dá»‹ch vá»¥ thÃ¬ oke mÃ  nhÆ°ng hÃ£ng xe ná»™i Ä‘á»‹a mÃ  taxi chiáº¿m thá»‹ pháº§n lá»›n thÃ¬ Ä‘áº¥y lÃ  váº¥n Ä‘á». Free sáº¡c cá»© báº£o má»—i láº§n Ä‘á»• xÄƒng Ä‘Ãºt tÃºi 1 cá»§ nhÆ°ng giÃ¡ cÆ°á»›c láº¡i láº¥y ráº» hÆ¡n xe xÄƒng thÃ¬ cÃ³ Ä‘c há»‘c 1 cá»§ áº¥y Ä‘Ã¢u,,https://www.tiktok.com/@phantradeptrai/video/7588069322237529351?cid=NzU4ODU0NDY0MTM1NzU5NTM5OQ,27/12/2025,Negative,Neutral,AI sai,phantradeptrai,6902268232083817473,Tiktok,DuyBien14,neibyud14,https://www.tiktok.com/@phantradeptrai/video/7588069322237529351?cid=NzU4ODU0NDY0MTM1NzU5NTM5OQ,6902268232083817473_7588069322237529351,,,,,tiktokComment,,VÄƒn báº£n Ä‘á» cáº­p Ä‘áº¿n Vinfast vÃ  thá»ƒ hiá»‡n sá»± lo ngáº¡i vá» thá»‹ pháº§n taxi.,,,neutral
6606,7588069322237529351_7588425556263551764,6929256661fe19430ca50d22,Vinfast,Há»i tháº­t AE giá» mÃ  háº¿t mÃ  miá»…n phÃ­ sáº¡c AE cÃ³ cÃ²n mua xe Ä‘iá»‡n ná»¯a k ? #vinfast #vf7,NgÆ°á»i mua há» cÅ©ng thá»«a biáº¿t c nakâ€¦vÃ¬ kinh doanh nÃ³ sáº½ lá»£i hÆ¡n gd báº£o dÆ°á»¡ng cÅ©ng ráº» hÆ¡nâ€¦nta mua Ä‘Æ°á»£c nta cháº¥p nháº­n k ai ra kinh doanh mÃ  bá» nÃ£o á»Ÿ nhÃ  Ä‘Ã¢u bğŸ˜,,https://www.tiktok.com/@phantradeptrai/video/7588069322237529351?cid=NzU4ODQyNTU1NjI2MzU1MTc2NA,27/12/2025,Negative,Neutral,AI sai,phantradeptrai,6902268232083817473,Tiktok,Tráº§n NhÆ° BiBi Shop,trannhu95.vn,https://www.tiktok.com/@phantradeptrai/video/7588069322237529351?cid=NzU4ODQyNTU1NjI2MzU1MTc2NA,6902268232083817473_7588069322237529351,,,,,tiktokComment,,VÄƒn báº£n Ä‘á» cáº­p Ä‘áº¿n Vinfast vÃ  thá»ƒ hiá»‡n sá»± hoÃ i nghi vá» viá»‡c mua xe Ä‘iá»‡n.,,,neutral
6607,7588069322237529351_7588409966463107847,6929256661fe19430ca50d22,Vinfast,Há»i tháº­t AE giá» mÃ  háº¿t mÃ  miá»…n phÃ­ sáº¡c AE cÃ³ cÃ²n mua xe Ä‘iá»‡n ná»¯a k ? #vinfast #vf7,"Ä‘iá»‡n tÄƒng lÃªn 4 láº§n giÃ¡ hiá»‡n nay thÃ¬ chi phÃ­ Ä‘i láº¡i báº±ng xe xÄƒng, cÃ²n báº£o dÆ°á»¡ng thÃ¬ k pháº£i thay dáº§u mÃ¡y, dáº§u há»™p sá»‘, dáº§u cáº§u, hao mÃ²n chi tiáº¿t áº¡",,https://www.tiktok.com/@phantradeptrai/video/7588069322237529351?cid=NzU4ODQwOTk2NjQ2MzEwNzg0Nw,27/12/2025,Negative,Neutral,AI sai,phantradeptrai,6902268232083817473,Tiktok,Phan TrÃ  Vinfast ThÃ¡i NguyÃªn,phantradeptrai,https://www.tiktok.com/@phantradeptrai/video/7588069322237529351?cid=NzU4ODQwOTk2NjQ2MzEwNzg0Nw,6902268232083817473_7588069322237529351,,,,,tiktokComment,,VÄƒn báº£n Ä‘á» cáº­p Ä‘áº¿n Vinfast vÃ  thá»ƒ hiá»‡n sá»± lo ngáº¡i vá» chi phÃ­.,,,neutral
6608,7588069322237529351_7588479480839471893,6929256661fe19430ca50d22,Vinfast,Há»i tháº­t AE giá» mÃ  háº¿t mÃ  miá»…n phÃ­ sáº¡c AE cÃ³ cÃ²n mua xe Ä‘iá»‡n ná»¯a k ? #vinfast #vf7,"Cháº¡y Ã­t thÃ¬ mua xe xÄƒng lá»i hÆ¡n nhÃ©, xe Ä‘iá»‡n cháº¡y 10 nÄƒm thay pin tá»‘n 1 cá»¥c tiá»n khÃ¡c lá»›n Ä‘áº¥y, mÃ  10 nÄƒm má»›i chay thÃ¬ bÃ¡c sáº¡c pin theo tiÃªu chuáº©n hoÃ n háº£o cá»§a Vin chá»© ko theo Ä‘Ãºng thÃ¬ háº¿t 7 nÄƒm báº£o hÃ nh lÃ  chay rá»“i",,https://www.tiktok.com/@phantradeptrai/video/7588069322237529351?cid=NzU4ODQ3OTQ4MDgzOTQ3MTg5Mw,27/12/2025,Negative,Neutral,AI sai,phantradeptrai,6902268232083817473,Tiktok,TrÆ°á»ng An,trng.an843,https://www.tiktok.com/@phantradeptrai/video/7588069322237529351?cid=NzU4ODQ3OTQ4MDgzOTQ3MTg5Mw,6902268232083817473_7588069322237529351,,,,,tiktokComment,,VÄƒn báº£n Ä‘á» cáº­p Ä‘áº¿n Vinfast vÃ  thá»ƒ hiá»‡n cáº£m xÃºc tiÃªu cá»±c vá» chi phÃ­ vÃ  báº£o hÃ nh.,,,neutral
6609,7588069322237529351_7588526857991045906,6929256661fe19430ca50d22,Vinfast,Há»i tháº­t AE giá» mÃ  háº¿t mÃ  miá»…n phÃ­ sáº¡c AE cÃ³ cÃ²n mua xe Ä‘iá»‡n ná»¯a k ? #vinfast #vf7,Há»“i cá»c tiÃªn phong Ä‘Ã¢y lÃ m j cÃ³ free mÃ  h Ä‘c free sÆ°á»›ng hÆ¡n háº³n ğŸ¤£ Ä‘i 1 nÄƒm tá»‘n báº£o dÆ°á»¡ng 700k rá»­a xe Ä‘Ã¢u Ä‘Ã³ cháº¯c 2-3tr ğŸ˜,,https://www.tiktok.com/@phantradeptrai/video/7588069322237529351?cid=NzU4ODUyNjg1Nzk5MTA0NTkwNg,27/12/2025,Positive,Neutral,AI sai,phantradeptrai,6902268232083817473,Tiktok,Hoa Má»¹,mapkk55,https://www.tiktok.com/@phantradeptrai/video/7588069322237529351?cid=NzU4ODUyNjg1Nzk5MTA0NTkwNg,6902268232083817473_7588069322237529351,,,,,tiktokComment,,VÄƒn báº£n Ä‘á» cáº­p Ä‘áº¿n Vinfast vÃ  thá»ƒ hiá»‡n cáº£m xÃºc tÃ­ch cá»±c vá» viá»‡c Ä‘Æ°á»£c miá»…n phÃ­ sáº¡c.,,,neutral
6613,1023069638660550_1402326524068191,6929256661fe19430ca50d22,Vinfast,"Nay xe e Ä‘i Ä‘c 12000 km tháº¥y bÃ¡o pháº£i Ä‘i báº£o dÆ°á»¡ng Ä‘á»‹nh ká»³, ra xÆ°á»Ÿng tháº¥y bÃ¡o giÃ¡ tháº¿ nÃ y, cÃ¡c bÃ¡c cho e xin Ã½ kiáº¿n? Xe e váº«n bÃ¬nh thÆ°á»ng, ko tháº¿ nÃ o áº¡","Nay xe e Ä‘i Ä‘c 12000 km tháº¥y bÃ¡o pháº£i Ä‘i báº£o dÆ°á»¡ng Ä‘á»‹nh ká»³, ra xÆ°á»Ÿng tháº¥y bÃ¡o giÃ¡ tháº¿ nÃ y, cÃ¡c bÃ¡c cho e xin Ã½ kiáº¿n? Xe e váº«n bÃ¬nh thÆ°á»ng, ko tháº¿ nÃ o áº¡",,http://facebook.com/1023069638660550_1402326524068191,26/12/2025,Neutral,Negative,AI sai,"Há»™i VinFast VF3, VF 3 Viá»‡t Namâ„¢ (VinFastVF3ClubVN)",1.02307E+15,Facebook,HÆ°ng Quang,100004044713319,http://facebook.com/1023069638660550_1402326524068191,1023069638660550_1402326524068191,,,,,fbGroupTopic,,Ná»™i dung khÃ´ng target trá»±c tiáº¿p Ä‘áº¿n chá»§ thá»ƒ Ä‘Æ°á»£c quan tÃ¢m,,,neutral
6620,444310079865861_1636064330690424,6929256661fe19430ca50d22,Vinfast,"Em á»Ÿ Long BiÃªn, xin cÃ¡c bÃ¡c Ä‘á»‹a chá»‰ hÃ n kÃ­nh lÃ¡i vá»›i áº¡, kÃ­nh zin chá»‰ cÃ³ vÃ o hÃ£ng thay mÃ  hÃ£ng cÅ©ng khÃ´ng cÃ³ sáºµn cÃ¡c bÃ¡c áº¡","Em á»Ÿ Long BiÃªn, xin cÃ¡c bÃ¡c Ä‘á»‹a chá»‰ hÃ n kÃ­nh lÃ¡i vá»›i áº¡, kÃ­nh zin chá»‰ cÃ³ vÃ o hÃ£ng thay mÃ  hÃ£ng cÅ©ng khÃ´ng cÃ³ sáºµn cÃ¡c bÃ¡c áº¡",,http://facebook.com/444310079865861_1636064330690424,26/12/2025,Neutral,Negative,AI sai,VINFAST FADIL Há»– TRá»¢ Ká»¸ THUáº¬T,444310079865861,Facebook,Anonymous,1636064330690424,http://facebook.com/444310079865861_1636064330690424,444310079865861_1636064330690424,,,,,fbGroupTopic,,Ná»™i dung khÃ´ng target trá»±c tiáº¿p Ä‘áº¿n chá»§ thá»ƒ Ä‘Æ°á»£c quan tÃ¢m,,,neutral
6626,7587649349719510279_7588040277042987792,6929256661fe19430ca50d22,Vinfast,"Kiáº¿p náº¡n xe Äiá»‡n Vin PhÃ©t, VF3, Báº¡n cÃ³ há»‘i háº­n khÃ´ng ? #vinfast #vinfastvf3","em cháº¡y accent 2018, mÃ¡y hÆ¡i yáº¿u Ä‘Æ°á»£c cÃ¡i lÃ nh tiáº¿t kiá»‡m, bao nÄƒm cháº£ sá»­a gÃ¬ cáº£, chá»‰ báº£o dÆ°á»¡ng. MÃ  vá»£ em cá»© Ä‘Ã²i mua vf3 cho nÃ³. em Ä‘ang gÃ n cá»¥ áº¡. con wuing coi váº­y mÃ  bá»n tháº¿ sao cá»¥?",,https://www.tiktok.com/@memut1706/video/7587649349719510279?cid=NzU4ODA0MDI3NzA0Mjk4Nzc5Mg,26/12/2025,Negative,Neutral,AI sai,memut1706,6769763228617884673,Tiktok,AnhAnh90,mrbean888999,https://www.tiktok.com/@memut1706/video/7587649349719510279?cid=NzU4ODA0MDI3NzA0Mjk4Nzc5Mg,6769763228617884673_7587649349719510279,,,,,tiktokComment,,"VÄƒn báº£n Ä‘á» cáº­p 'vinfast', thá»ƒ hiá»‡n sá»± khÃ´ng hÃ i lÃ²ng vÃ  lo ngáº¡i vá» VF3.",,,neutral
6627,7587649349719510279_7588047119547597575,6929256661fe19430ca50d22,Vinfast,"Kiáº¿p náº¡n xe Äiá»‡n Vin PhÃ©t, VF3, Báº¡n cÃ³ há»‘i háº­n khÃ´ng ? #vinfast #vinfastvf3","á» sg bá»‹ sá»± cá»‘ nhanh thÃ¬ 1h cháº­m thÃ¬ 2-3h xe kÃ©o sáº½ Ä‘áº¿n Ä‘áº¥y áº¡. VÃ¬ Ä‘Æ°á»ng cháº­t, káº¹t xe nÃªn ko cÃ²n cÃ¡ch nÃ o khÃ¡c",,https://www.tiktok.com/@memut1706/video/7587649349719510279?cid=NzU4ODA0NzExOTU0NzU5NzU3NQ,26/12/2025,Negative,Neutral,AI sai,memut1706,6769763228617884673,Tiktok,Pao Pei,paopei.126,https://www.tiktok.com/@memut1706/video/7587649349719510279?cid=NzU4ODA0NzExOTU0NzU5NzU3NQ,6769763228617884673_7587649349719510279,,,,,tiktokComment,,VÄƒn báº£n Ä‘á» cáº­p 'vinfast' vÃ  thá»ƒ hiá»‡n cáº£m xÃºc tiÃªu cá»±c vá» sá»± cá»‘ xe.,,,neutral
6628,7587649349719510279_7588045818767721234,6929256661fe19430ca50d22,Vinfast,"Kiáº¿p náº¡n xe Äiá»‡n Vin PhÃ©t, VF3, Báº¡n cÃ³ há»‘i háº­n khÃ´ng ? #vinfast #vinfastvf3",Báº¡n bá»‹ sá»± cá»‘ gÃ¬ tháº¿ áº¡? á» Ä‘oáº¡n nÃ o? Chá»© VF cÃ³ chÃ­nh sÃ¡ch há»— trá»£ cho táº¥t cáº£ sá»± cá»‘ bá»‹ kÃ©o xe vá» mÃ ,,https://www.tiktok.com/@memut1706/video/7587649349719510279?cid=NzU4ODA0NTgxODc2NzcyMTIzNA,26/12/2025,Negative,Positive,AI sai,memut1706,6769763228617884673,Tiktok,Pao Pei,paopei.126,https://www.tiktok.com/@memut1706/video/7587649349719510279?cid=NzU4ODA0NTgxODc2NzcyMTIzNA,6769763228617884673_7587649349719510279,,,,,tiktokComment,,VÄƒn báº£n Ä‘á» cáº­p 'vinfast' vÃ  thá»ƒ hiá»‡n cáº£m xÃºc tiÃªu cá»±c vá» sá»± cá»‘ xe.,,,neutral
6631,1023069638660550_1401692120798298,6929256661fe19430ca50d22,Vinfast,"Máº¥y bÃ¡c cho em há»i lÃºc bá»‹ ngáº­p Ä‘i xe cá»§a Vinfast, sau Ä‘áº¥y dÃ¹ng cÃ²n á»•n khÃ´ng? MÃ¬nh má»›i bá»‹ 1 láº§n tháº¥y váº«n á»•n nÃªn chÆ°a Ä‘i báº£o dÆ°á»¡ng MÃ¬nh Ä‘i Vin Evo Ä‘Æ°á»£c hÆ¡n nÄƒm, cháº¡y háº§u nhÆ° ngÃ y nÃ o cÅ©ng Ä‘i lÃ m â€“ Ä‘Ã³n con â€“ Ä‘i siÃªu thá»‹. LÃºc má»›i mua cÅ©ng lo y chang má»i ngÆ°á»i: xe Ä‘iá»‡n mÃ  lá»¡ gáº·p ngáº­p thÃ¬ sao, cÃ³ cháº­p Ä‘iá»‡n khÃ´ng, cÃ³ â€œtoangâ€ pin khÃ´ngâ€¦ Nháº¥t lÃ  xem máº¥y clip ngáº­p nÆ°á»›c trÃªn máº¡ng xong lÃ  hoang mang. Thá»±c táº¿ dÃ¹ng rá»“i má»›i bá»›t sá»£. MÃ¬nh á»Ÿ HÃ  Ná»™i, mÃ¹a mÆ°a Ä‘Æ°á»ng ngáº­p nhÆ° cÆ¡m bá»¯a, cÃ³ máº¥y láº§n báº¯t buá»™c pháº£i lá»™i qua Ä‘oáº¡n nÆ°á»›c táº§m ná»­a bÃ¡nh, cÃ³ hÃ´m gáº§n cháº¡m gáº§m. Cáº£m giÃ¡c Ä‘áº§u tiÃªn lÃ â€¦ nÃ³ khÃ´ng bá»‹ há»¥t ga hay giáº­t nhÆ° xe xÄƒng trÆ°á»›c Ä‘Ã¢y. MÃ¡y Ãªm, Ä‘i cháº­m cháº­m, Ä‘á»u ga qua lÃ  xong. KhÃ´ng bá»‹ Ã¡m mÃ¹i xÄƒng, khÃ´ng rÃ©o rÃº cÃ¡c kiá»ƒu. Vá» nhÃ  mÃ¬nh Ä‘á»ƒ xe rÃ¡o nÆ°á»›c rá»“i hÃ´m sau váº«n Ä‘i lÃ m bÃ¬nh thÆ°á»ng, khÃ´ng bÃ¡o lá»—i gÃ¬. Há»“i má»›i thÃ¬ cÃ²n run, Ä‘i qua lÃ  pháº£i lÃªn app, soi thÃ´ng sá»‘, giá» quen rá»“i. Xe Ä‘iá»‡n báº£n cháº¥t kÃ­n Ä‘Ã¡y hÆ¡n, khÃ´ng cÃ³ á»‘ng xáº£, cÅ©ng khÃ´ng cáº§n lo nÆ°á»›c táº¡t vÃ o mÃ¡y nhÆ° há»“i Ä‘i xe xÄƒng. DÄ© nhiÃªn mÃ¬nh váº«n nÃ© ngáº­p náº·ng, nÆ°á»›c tá»›i chá»— Ä‘á»ƒ chÃ¢n lÃ  mÃ¬nh quay Ä‘áº§u, khÃ´ng dáº¡i gÃ¬. NhÆ°ng vá»›i cÃ¡c kiá»ƒu ngáº­p â€œnháº¹ nhÃ ngâ€ ná»™i thÃ nh giá» cao Ä‘iá»ƒm thÃ¬ Ä‘Ãºng lÃ  bá»›t stress hÆ¡n trÆ°á»›c khÃ¡ nhiá»u. KhÃ´ng biáº¿t á»Ÿ SÃ i GÃ²n hay cÃ¡c tá»‰nh khÃ¡c anh chá»‹ em Ä‘i xe Ä‘iá»‡n cÃ³ ai tá»«ng lá»™i mÆ°a lá»™i ngáº­p chÆ°a, tráº£i nghiá»‡m tháº¿ nÃ o?","Máº¥y bÃ¡c cho em há»i lÃºc bá»‹ ngáº­p Ä‘i xe cá»§a Vinfast, sau Ä‘áº¥y dÃ¹ng cÃ²n á»•n khÃ´ng? MÃ¬nh má»›i bá»‹ 1 láº§n tháº¥y váº«n á»•n nÃªn chÆ°a Ä‘i báº£o dÆ°á»¡ng MÃ¬nh Ä‘i Vin Evo Ä‘Æ°á»£c hÆ¡n nÄƒm, cháº¡y háº§u nhÆ° ngÃ y nÃ o cÅ©ng Ä‘i lÃ m â€“ Ä‘Ã³n con â€“ Ä‘i siÃªu thá»‹. LÃºc má»›i mua cÅ©ng lo y chang má»i ngÆ°á»i: xe Ä‘iá»‡n mÃ  lá»¡ gáº·p ngáº­p thÃ¬ sao, cÃ³ cháº­p Ä‘iá»‡n khÃ´ng, cÃ³ â€œtoangâ€ pin khÃ´ngâ€¦ Nháº¥t lÃ  xem máº¥y clip ngáº­p nÆ°á»›c trÃªn máº¡ng xong lÃ  hoang mang. Thá»±c táº¿ dÃ¹ng rá»“i má»›i bá»›t sá»£. MÃ¬nh á»Ÿ HÃ  Ná»™i, mÃ¹a mÆ°a Ä‘Æ°á»ng ngáº­p nhÆ° cÆ¡m bá»¯a, cÃ³ máº¥y láº§n báº¯t buá»™c pháº£i lá»™i qua Ä‘oáº¡n nÆ°á»›c táº§m ná»­a bÃ¡nh, cÃ³ hÃ´m gáº§n cháº¡m gáº§m. Cáº£m giÃ¡c Ä‘áº§u tiÃªn lÃ â€¦ nÃ³ khÃ´ng bá»‹ há»¥t ga hay giáº­t nhÆ° xe xÄƒng trÆ°á»›c Ä‘Ã¢y. MÃ¡y Ãªm, Ä‘i cháº­m cháº­m, Ä‘á»u ga qua lÃ  xong. KhÃ´ng bá»‹ Ã¡m mÃ¹i xÄƒng, khÃ´ng rÃ©o rÃº cÃ¡c kiá»ƒu. Vá» nhÃ  mÃ¬nh Ä‘á»ƒ xe rÃ¡o nÆ°á»›c rá»“i hÃ´m sau váº«n Ä‘i lÃ m bÃ¬nh thÆ°á»ng, khÃ´ng bÃ¡o lá»—i gÃ¬. Há»“i má»›i thÃ¬ cÃ²n run, Ä‘i qua lÃ  pháº£i lÃªn app, soi thÃ´ng sá»‘, giá» quen rá»“i. Xe Ä‘iá»‡n báº£n cháº¥t kÃ­n Ä‘Ã¡y hÆ¡n, khÃ´ng cÃ³ á»‘ng xáº£, cÅ©ng khÃ´ng cáº§n lo nÆ°á»›c táº¡t vÃ o mÃ¡y nhÆ° há»“i Ä‘i xe xÄƒng. DÄ© nhiÃªn mÃ¬nh váº«n nÃ© ngáº­p náº·ng, nÆ°á»›c tá»›i chá»— Ä‘á»ƒ chÃ¢n lÃ  mÃ¬nh quay Ä‘áº§u, khÃ´ng dáº¡i gÃ¬. NhÆ°ng vá»›i cÃ¡c kiá»ƒu ngáº­p â€œnháº¹ nhÃ ngâ€ ná»™i thÃ nh giá» cao Ä‘iá»ƒm thÃ¬ Ä‘Ãºng lÃ  bá»›t stress hÆ¡n trÆ°á»›c khÃ¡ nhiá»u. KhÃ´ng biáº¿t á»Ÿ SÃ i GÃ²n hay cÃ¡c tá»‰nh khÃ¡c anh chá»‹ em Ä‘i xe Ä‘iá»‡n cÃ³ ai tá»«ng lá»™i mÆ°a lá»™i ngáº­p chÆ°a, tráº£i nghiá»‡m tháº¿ nÃ o?",,http://facebook.com/1023069638660550_1401692120798298,26/12/2025,Positive,Neutral,AI sai,"Há»™i VinFast VF3, VF 3 Viá»‡t Namâ„¢ (VinFastVF3ClubVN)",1.02307E+15,Facebook,Háº£i Yáº¿n,100015375991800,http://facebook.com/1023069638660550_1401692120798298,1023069638660550_1401692120798298,,,,,fbGroupTopic,,VÄƒn báº£n Ä‘á» cáº­p trá»±c tiáº¿p Ä‘áº¿n Vinfast vÃ  thá»ƒ hiá»‡n cáº£m xÃºc tÃ­ch cá»±c vá» tráº£i nghiá»‡m sá»­ dá»¥ng.,,,neutral
6632,706124277686588_1197019918597019,6929256661fe19430ca50d22,Vinfast,"Cháº¯c khÃ´ng thá»ƒ lÆ°á»i Ä‘Æ°á»£c ná»¯a rá»“i, Äƒn Táº¿t xong thÃ¬ pháº£i Ä‘i báº¯t Ä‘á»n ai Ä‘Ã³ thÃ´i chá»© cá»© cháº¡y tháº¿ nÃ y tá»‘n lá»‘p quÃ¡. Cháº³ng cÃ¡n Ä‘inh cÃ¡n vá»‰a gÃ¬ mÃ  lá»‘p cá»© vÃ i thÃ¡ng láº¡i bá»‹ tháº¿ nÃ y vá»«a tá»‘n tiá»n vá»«a máº¥t thá»i gian. May lÃ  xe bÃ¡o Ã¡p suáº¥t lá»‘p ngay gáº§n Thi Lá»‘p chi nhÃ¡nh HÃ  ÄÃ´ng. Äáº¥y, Äƒn á»Ÿ tá»­ táº¿ nÃªn cÃ´ thÆ°Æ¡ng, cÃ³ há»ng lá»‘p thÃ¬ cÅ©ng pháº£i há»ng tháº­t gáº§n chá»— thay lá»‘p thÃ¬ cÃ´ má»›i chá»‹u cÆ¡â€¦.ğŸ¤£ Cháº¡y xe VF9 nhÆ° kiá»ƒu yÃªu Ä‘Æ°á»£c má»™t cÃ´ gÃ¡i cá»±c xinh, dÃ¡ng chuáº©n, ngá»±c ná»Ÿ, eo thon, mÃ´ng cong tá»›n. Má»—i tá»™i chÃ¢n láº¡i bá»‹ vÃ²ng kiá»ngâ€¦.ğŸ¤£ğŸ¤£ğŸ¤£","Cháº¯c khÃ´ng thá»ƒ lÆ°á»i Ä‘Æ°á»£c ná»¯a rá»“i, Äƒn Táº¿t xong thÃ¬ pháº£i Ä‘i báº¯t Ä‘á»n ai Ä‘Ã³ thÃ´i chá»© cá»© cháº¡y tháº¿ nÃ y tá»‘n lá»‘p quÃ¡. Cháº³ng cÃ¡n Ä‘inh cÃ¡n vá»‰a gÃ¬ mÃ  lá»‘p cá»© vÃ i thÃ¡ng láº¡i bá»‹ tháº¿ nÃ y vá»«a tá»‘n tiá»n vá»«a máº¥t thá»i gian. May lÃ  xe bÃ¡o Ã¡p suáº¥t lá»‘p ngay gáº§n Thi Lá»‘p chi nhÃ¡nh HÃ  ÄÃ´ng. Äáº¥y, Äƒn á»Ÿ tá»­ táº¿ nÃªn cÃ´ thÆ°Æ¡ng, cÃ³ há»ng lá»‘p thÃ¬ cÅ©ng pháº£i há»ng tháº­t gáº§n chá»— thay lá»‘p thÃ¬ cÃ´ má»›i chá»‹u cÆ¡â€¦.ğŸ¤£ Cháº¡y xe VF9 nhÆ° kiá»ƒu yÃªu Ä‘Æ°á»£c má»™t cÃ´ gÃ¡i cá»±c xinh, dÃ¡ng chuáº©n, ngá»±c ná»Ÿ, eo thon, mÃ´ng cong tá»›n. Má»—i tá»™i chÃ¢n láº¡i bá»‹ vÃ²ng kiá»ngâ€¦.ğŸ¤£ğŸ¤£ğŸ¤£",,http://facebook.com/706124277686588_1197019918597019,26/12/2025,Positive,Negative,AI sai,ANH EM VF9 - VF9 CLUB,706124277686588,Facebook,Tráº§n Äá»©c Háº¡nh,1197019918597019,http://facebook.com/706124277686588_1197019918597019,706124277686588_1197019918597019,,,,,fbGroupTopic,,"VÄƒn báº£n Ä‘á» cáº­p Ä‘áº¿n Vinfast VF9 vá»›i cáº£m xÃºc tÃ­ch cá»±c, hÃ i hÆ°á»›c vá» tráº£i nghiá»‡m xe.",,,neutral
6636,7588773912960322837_7588889190058558229,6929256661fe19430ca50d22,Vinfast,Pin dÃ¹ng bao lÃ¢u thÃ¬ há»ng??? #viral #Vin #vinfast #Ã´tÃ´ #vinfastvf3,PIN 90 triá»‡u báº£o hÃ nh 8 nÄƒm PIN yáº¿u dÃ¡m cháº¡y xe Ä‘i xa khÃ´ng,,https://www.tiktok.com/@kimngoc20.9/video/7588773912960322837?cid=NzU4ODg4OTE5MDA1ODU1ODIyOQ,28/12/2025,Negative,Neutral,AI sai,kimngoc20.9,7218149650385372186,Tiktok,Lá»£i ÄÃ o,li.o515,https://www.tiktok.com/@kimngoc20.9/video/7588773912960322837?cid=NzU4ODg4OTE5MDA1ODU1ODIyOQ,7218149650385372186_7588773912960322837,,,,,tiktokComment,,VÄƒn báº£n Ä‘á» cáº­p 'vinfast' vÃ  thá»ƒ hiá»‡n sá»± lo láº¯ng vá» tuá»•i thá» pin.,,,neutral
6642,7588703029784743189_7588901821172073234,6929256661fe19430ca50d22,Vinfast,MÃ u nÃ y pha 1 Da nhÆ° nÃ y á»•n k anh em #creatorsearchinsights #vinfast #Ä‘á» #vf5 #viralvideo,CÃ´ng nháº­n mÃ u vinfast khÃ³ tháº­t.sá»£ zin á»Ÿ nhÃ  mÃ¡y báº¯n sá»­a chá»¯a giá»¯a cÃ¡nh cá»­a cÃ²n khÃ³ láº¥y mÃ u chuáº©n dk,,https://www.tiktok.com/@quocson_paint/video/7588703029784743189?cid=NzU4ODkwMTgyMTE3MjA3MzIzNA,28/12/2025,Negative,Neutral,AI sai,quocson_paint,7209637146448102426,Tiktok,Trá»ng CÆ°á»iğŸ˜‚,tranductrongg,https://www.tiktok.com/@quocson_paint/video/7588703029784743189?cid=NzU4ODkwMTgyMTE3MjA3MzIzNA,7209637146448102426_7588703029784743189,,,,,tiktokComment,,VÄƒn báº£n Ä‘á» cáº­p 'vinfast' vÃ  thá»ƒ hiá»‡n cáº£m xÃºc tiÃªu cá»±c vá» mÃ u xe.,,,neutral
6643,7588773912960322837_7588889742021083912,6929256661fe19430ca50d22,Vinfast,Pin dÃ¹ng bao lÃ¢u thÃ¬ há»ng??? #viral #Vin #vinfast #Ã´tÃ´ #vinfastvf3,báº£o hÃ nh 7 tá»›i 10 nÄƒm nhÆ°ng xe thÃ¬ khÃ´ng nhÃ©. mai má»‘t nÃ³ kÃªu xe hÆ° chá»© khÃ´ng pháº£i pin ğŸ˜…ğŸ˜…,,https://www.tiktok.com/@kimngoc20.9/video/7588773912960322837?cid=NzU4ODg4OTc0MjAyMTA4MzkxMg,28/12/2025,Negative,Neutral,AI sai,kimngoc20.9,7218149650385372186,Tiktok,Nguyá»…n Máº¡nh CÆ°á»ng921,nguyenmanhcuong561,https://www.tiktok.com/@kimngoc20.9/video/7588773912960322837?cid=NzU4ODg4OTc0MjAyMTA4MzkxMg,7218149650385372186_7588773912960322837,,,,,tiktokComment,,VÄƒn báº£n Ä‘á» cáº­p 'vinfast' vÃ  thá»ƒ hiá»‡n sá»± khÃ´ng hÃ i lÃ²ng vá» cháº¿ Ä‘á»™ báº£o hÃ nh.,,,neutral
6644,7588868943981333767_7588919988616069895,6929256661fe19430ca50d22,Vinfast,#CapCut #vinfast #vf7 #manhliettinhthanvietnam Vinfast VF7 Eco Ä‘Ã£ cáº­p báº¿n má»i má»i ngÆ°á»i qua Ä‘áº·t cá»c láº¥y xe nÄƒm má»›i bÃ¬nh an#vinfastmelinh,má»›i Ä‘i báº£o dÆ°á»¡ng hay sá»­a vá» má»«ng pháº¿t,,https://www.tiktok.com/@meoem9999/video/7588868943981333767?cid=NzU4ODkxOTk4ODYxNjA2OTg5NQ,28/12/2025,Positive,Neutral,AI sai,meoem9999,6707617099742905345,Tiktok,The Sigmar,unknown_ntg,https://www.tiktok.com/@meoem9999/video/7588868943981333767?cid=NzU4ODkxOTk4ODYxNjA2OTg5NQ,6707617099742905345_7588868943981333767,,,,,tiktokComment,,VÄƒn báº£n Ä‘á» cáº­p Ä‘áº¿n Vinfast vÃ  thá»ƒ hiá»‡n cáº£m xÃºc tÃ­ch cá»±c vá» sáº£n pháº©m.,,,neutral
6645,7588196984985488661_7588920642839118612,6929256661fe19430ca50d22,Vinfast,Xe Äiá»‡n dÆ°á»›i gÃ³c nhÃ¬n cá»§a chuyÃªn gia Máº¡ng #xedien #Vinfast #vf9#VinfCut,"Uh, phÃ­ báº£o trÃ¬ báº£o dÆ°á»¡ng khÃ´ng so Ä‘Æ°á»£c tháº­t",,https://www.tiktok.com/@thanhkhongvlog/video/7588196984985488661?cid=NzU4ODkyMDY0MjgzOTExODYxMg,28/12/2025,Negative,Neutral,AI sai,thanhkhongvlog,7578426606059668487,Tiktok,Háº¡t dáº»,ap24246753,https://www.tiktok.com/@thanhkhongvlog/video/7588196984985488661?cid=NzU4ODkyMDY0MjgzOTExODYxMg,7578426606059668487_7588196984985488661,,,,,tiktokComment,,VÄƒn báº£n Ä‘á» cáº­p Vinfast vÃ  thá»ƒ hiá»‡n cáº£m xÃºc tiÃªu cá»±c vá» chi phÃ­ báº£o trÃ¬.,,,neutral
6646,7588349899918363922_7588535686220202760,6929256661fe19430ca50d22,Vinfast,"Miá»…n phÃ­ sáº¡c pin cho Ã´ tÃ´ Ä‘iá»‡n VinFast Ä‘áº¿n 30/06/2027 VinFast (thuá»™c Vingroup) **miá»…n phÃ­ sáº¡c pin hoÃ n toÃ n cho táº¥t cáº£ **khÃ¡ch hÃ ng cÃ¡ nhÃ¢n sá»Ÿ há»¯u Ã´ tÃ´ Ä‘iá»‡n VinFast táº¡i há»‡ thá»‘ng tráº¡m sáº¡c V-GREEN Ä‘áº¿n háº¿t ngÃ y 30/6/2027. NghÄ©a lÃ  khÃ¡ch mua xe VinFast sáº½ Ä‘Æ°á»£c sá»­ dá»¥ng Ä‘iá»‡n sáº¡c miá»…n phÃ­ trong vÃ²ng hÆ¡n 2 nÄƒm rÆ°á»¡i, giÃºp giáº£m Ä‘Ã¡ng ká»ƒ chi phÃ­ váº­n hÃ nh so vá»›i xe xÄƒng. #vf7plus #náº­mcang","Hiá»‡n táº¡i Ä‘ang báº£o hÃ nh 10 nÄƒm bÃ¡c áº¡, cÃ²n báº£o dÆ°á»¡ng thÃ¬ xe nÃ o cÅ©ng váº­y. Chá»§ Ä‘á»™ng thÃ¬ xe sáº½ ngon",,https://www.tiktok.com/@vf7.min.ni.c.nh.l/video/7588349899918363922?cid=NzU4ODUzNTY4NjIyMDIwMjc2MA,27/12/2025,Positive,Neutral,AI sai,vf7.min.ni.c.nh.l,7586974110002086919,Tiktok,VF7 MIá»€N NÃšI CÃ“ NHÆ¯ Lá»œI Äá»’N,vf7.min.ni.c.nh.l,https://www.tiktok.com/@vf7.min.ni.c.nh.l/video/7588349899918363922?cid=NzU4ODUzNTY4NjIyMDIwMjc2MA,7586974110002086919_7588349899918363922,,,,,tiktokComment,,VÄƒn báº£n Ä‘á» cáº­p trá»±c tiáº¿p Ä‘áº¿n VinFast vÃ  thá»ƒ hiá»‡n cáº£m xÃºc tÃ­ch cá»±c vá» Æ°u Ä‘Ã£i.,,,neutral
6647,7588349899918363922_7588810073251185415,6929256661fe19430ca50d22,Vinfast,"Miá»…n phÃ­ sáº¡c pin cho Ã´ tÃ´ Ä‘iá»‡n VinFast Ä‘áº¿n 30/06/2027 VinFast (thuá»™c Vingroup) **miá»…n phÃ­ sáº¡c pin hoÃ n toÃ n cho táº¥t cáº£ **khÃ¡ch hÃ ng cÃ¡ nhÃ¢n sá»Ÿ há»¯u Ã´ tÃ´ Ä‘iá»‡n VinFast táº¡i há»‡ thá»‘ng tráº¡m sáº¡c V-GREEN Ä‘áº¿n háº¿t ngÃ y 30/6/2027. NghÄ©a lÃ  khÃ¡ch mua xe VinFast sáº½ Ä‘Æ°á»£c sá»­ dá»¥ng Ä‘iá»‡n sáº¡c miá»…n phÃ­ trong vÃ²ng hÆ¡n 2 nÄƒm rÆ°á»¡i, giÃºp giáº£m Ä‘Ã¡ng ká»ƒ chi phÃ­ váº­n hÃ nh so vá»›i xe xÄƒng. #vf7plus #náº­mcang","thÃªm cáº£ báº£o hÃ nh xe vÃ  pin 10 nÄƒm , ko giá»›i háº¡n km ná»¯a , táº¿t nÃ o cÅ©ng dc nháº­n quÃ  ğŸ¤­",,https://www.tiktok.com/@vf7.min.ni.c.nh.l/video/7588349899918363922?cid=NzU4ODgxMDA3MzI1MTE4NTQxNQ,28/12/2025,Positive,Neutral,AI sai,vf7.min.ni.c.nh.l,7586974110002086919,Tiktok,Yuki,hoan9xbg,https://www.tiktok.com/@vf7.min.ni.c.nh.l/video/7588349899918363922?cid=NzU4ODgxMDA3MzI1MTE4NTQxNQ,7586974110002086919_7588349899918363922,,,,,tiktokComment,,VÄƒn báº£n Ä‘á» cáº­p trá»±c tiáº¿p Ä‘áº¿n VinFast vÃ  thá»ƒ hiá»‡n cáº£m xÃºc tÃ­ch cá»±c vá» Æ°u Ä‘Ã£i.,,,neutral
6649,7588742267129564423_7588841577180939009,6929256661fe19430ca50d22,Vinfast,Thá»i Ä‘iá»ƒm hiá»‡n táº¡i chi phÃ­ váº­n hÃ nh con vf3 cÃ²n ráº» hÆ¡n con xe mÃ¡y. #vinfastvf3 #vinfast #xuhuong #vf3,báº£o hÃ nh 8 nÄƒm. 8 nÄƒm sau mÃ¬nh mua xe khÃ¡c rá»“i báº¡n.,bÃ³c pin xe vf,https://www.tiktok.com/@vf3.kh.nht.th.gii/video/7588742267129564423?cid=NzU4ODg0MTU3NzE4MDkzOTAwOQ,28/12/2025,Negative,Neutral,AI sai,vf3.kh.nht.th.gii,7585524402411242504,Tiktok,6 phÃºt lá»‹ch sá»­,6phutlichsu,https://www.tiktok.com/@vf3.kh.nht.th.gii/video/7588742267129564423?cid=NzU4ODg0MTU3NzE4MDkzOTAwOQ,7585524402411242504_7588742267129564423,,,,,tiktokComment,,"VÄƒn báº£n Ä‘á» cáº­p 'vinfast' vÃ  'vf3', cÃ³ cáº£m xÃºc tiÃªu cá»±c liÃªn quan Ä‘áº¿n pin xe.",,,neutral
6657,7588122869167754517_7588567424673399559,6929256661fe19430ca50d22,Vinfast,Ai lÃ¡i thá»­ VF3 rá»“i thÃ¬ bÃ¬nh luáº­n minh oan cho áº»m Ä‘i áº¡ğŸ«°ğŸ» #xuhuong #fyp #vf3 #vinfast #car,"Vf3 lgi cÃ³ phanh tay a? Giá»¯ phanh chÃ¢n, lÃºc nháº£ phanh ra Ä‘á»ƒ Ä‘i thÃ¬ nÃ³ tá»± trÃ´i Ä‘Ã³. TrÃ´i khoáº£ng 50 phÃ¢n rá»“i má»›i tá»± Ä‘i. Nhiá»u xe bá»‹ a áº¡. E há»i nhÆ°ng mng cÅ©ng kbiet cÃ¡ch kháº¯c phá»¥c nÃªn má»›i há»i. E má»›i mua thÃªm vf3 Ä‘á»ƒ Ä‘i chá»£ thÃ´i",,https://www.tiktok.com/@vinfast.caron.gl/video/7588122869167754517?cid=NzU4ODU2NzQyNDY3MzM5OTU1OQ,27/12/2025,Negative,Neutral,AI sai,vinfast.caron.gl,7584218575667233799,Tiktok,Tháº§y bÃ³i cháº¡y show ğŸ‡»ğŸ‡³ğŸ‡°ğŸ‡·,heunni.tarot,https://www.tiktok.com/@vinfast.caron.gl/video/7588122869167754517?cid=NzU4ODU2NzQyNDY3MzM5OTU1OQ,7584218575667233799_7588122869167754517,,,,,tiktokComment,,"VÄƒn báº£n Ä‘á» cáº­p 'vinfast' vÃ  VF3, thá»ƒ hiá»‡n sá»± lo láº¯ng vá» lá»—i ká»¹ thuáº­t.",,,neutral
6658,7588125360265661717_7588661044882572053,6929256661fe19430ca50d22,Vinfast,RiÃªng tui cháº¯c xáº¿p hÃ ng Ä‘á»£i tá»« 3h sÃ¡ng luÃ´n. May lÃ  xe Ä‘iá»‡n chá» cÅ©ng nhanh cÃ¡ bÃ¡c nhá»‰ #thomvinfast #vinfast #otodienvinfast #yeuxedien,Náº¿u mua xe tÃ´i k mua vin tÃ´i sá»£ cÃ¡ch báº£o hÃ nh quÃ¡,"vinfast xe Ä‘iá»‡n,xe mÃ¡y Ä‘iá»‡n vinfast",https://www.tiktok.com/@vinfastvinhphuc7/video/7588125360265661717?cid=NzU4ODY2MTA0NDg4MjU3MjA1Mw,28/12/2025,Positive,Negative,AI sai,vinfastvinhphuc7,7543158929657742337,Tiktok,Oáº±n TÃ  LÃ  Váº±n,oidoioi822,https://www.tiktok.com/@vinfastvinhphuc7/video/7588125360265661717?cid=NzU4ODY2MTA0NDg4MjU3MjA1Mw,7543158929657742337_7588125360265661717,,,,,tiktokComment,,"VÄƒn báº£n Ä‘á» cáº­p Ä‘áº¿n Vinfast vá»›i cáº£m xÃºc tÃ­ch cá»±c, thá»ƒ hiá»‡n sá»± mong Ä‘á»£i vÃ  hÃ i lÃ²ng.",,,neutral
6659,7587974649598758164_7588156613384553224,6929256661fe19430ca50d22,Vinfast,Vinfast - HÃ£ng xe Ä‘iá»‡n top 1 VN #otodien #otodienvinfast #vinfast #xuhuongtiktok #xuhuong,vin bÃ¢y giá» Ä‘c ae dá»‹ch vá»¥ chuá»™ng láº¯m. gia Ä‘Ã¬nh thÃ¬ Ã­t chá»© taxi Ä‘a sá»‘ vin,,https://www.tiktok.com/@dunguytin341/video/7587974649598758164?cid=NzU4ODE1NjYxMzM4NDU1MzIyNA,26/12/2025,Neutral,Positive,AI sai,dunguytin341,7554048278292841490,Tiktok,NoName,noname12356789,https://www.tiktok.com/@dunguytin341/video/7587974649598758164?cid=NzU4ODE1NjYxMzM4NDU1MzIyNA,7554048278292841490_7587974649598758164,,,,,tiktokComment,,"VÄƒn báº£n Ä‘á» cáº­p Ä‘áº¿n Vinfast, thá»ƒ hiá»‡n sá»± chuá»™ng cá»§a dá»‹ch vá»¥ taxi, cáº£m xÃºc trung tÃ­nh.",,,neutral
6660,7587974649598758164_7588813627332477714,6929256661fe19430ca50d22,Vinfast,Vinfast - HÃ£ng xe Ä‘iá»‡n top 1 VN #otodien #otodienvinfast #vinfast #xuhuongtiktok #xuhuong,ToÃ n dá»‹ch vá»¥ tá»± hÃ o cL,,https://www.tiktok.com/@dunguytin341/video/7587974649598758164?cid=NzU4ODgxMzYyNzMzMjQ3NzcxNA,28/12/2025,Positive,Negative,AI sai,dunguytin341,7554048278292841490,Tiktok,You,ben.c.m8,https://www.tiktok.com/@dunguytin341/video/7587974649598758164?cid=NzU4ODgxMzYyNzMzMjQ3NzcxNA,7554048278292841490_7587974649598758164,,,,,tiktokComment,,VÄƒn báº£n Ä‘á» cáº­p trá»±c tiáº¿p Ä‘áº¿n Vinfast vÃ  thá»ƒ hiá»‡n cáº£m xÃºc tÃ­ch cá»±c vá» hÃ£ng xe.,,,neutral
6665,7588742267129564423_7588880287313183496,6929256661fe19430ca50d22,Vinfast,Thá»i Ä‘iá»ƒm hiá»‡n táº¡i chi phÃ­ váº­n hÃ nh con vf3 cÃ²n ráº» hÆ¡n con xe mÃ¡y. #vinfastvf3 #vinfast #xuhuong #vf3,pin báº£o hÃ nh 8 nÄƒm ko giá»›i háº¡n sá»‘ km. má»—i nÄƒm ngÆ°á»i ta tiáº¿t kiá»‡m dc 5-60tr. 8 nÄƒm tÃ­nh ra lÃ  tiáº¿t kiá»‡m dc bao nhiÃªu quáº£ pin?,bÃ³c pin xe vf,https://www.tiktok.com/@vf3.kh.nht.th.gii/video/7588742267129564423?cid=NzU4ODg4MDI4NzMxMzE4MzQ5Ng,28/12/2025,Positive,Neutral,AI sai,vf3.kh.nht.th.gii,7585524402411242504,Tiktok,QuÃ¢n VÅ©,usera5kt1h4air,https://www.tiktok.com/@vf3.kh.nht.th.gii/video/7588742267129564423?cid=NzU4ODg4MDI4NzMxMzE4MzQ5Ng,7585524402411242504_7588742267129564423,,,,,tiktokComment,,"VÄƒn báº£n Ä‘á» cáº­p Ä‘áº¿n 'vinfast' vÃ  'vf3', thá»ƒ hiá»‡n cáº£m xÃºc tÃ­ch cá»±c vá» chi phÃ­ vÃ  báº£o hÃ nh.",,,neutral
6668,7587649349719510279_7588168900308222737,6929256661fe19430ca50d22,Vinfast,"Kiáº¿p náº¡n xe Äiá»‡n Vin PhÃ©t, VF3, Báº¡n cÃ³ há»‘i háº­n khÃ´ng ? #vinfast #vinfastvf3","Tháº¯c máº¯c 1 Ä‘iá»u , lÃ  sao toÃ n tháº¥y xe xÄƒng , dáº§u cá»©u há»™ , hoáº·c xe gáº¯n mÃ¡y Ä‘áº©y xe Ä‘iá»‡n , sao kg cÃ³ xe Ä‘iá»‡n cá»©u há»™ xe Ä‘iá»‡n nhá»‰ ?",,https://www.tiktok.com/@memut1706/video/7587649349719510279?cid=NzU4ODE2ODkwMDMwODIyMjczNw,26/12/2025,Negative,Neutral,AI sai,memut1706,6769763228617884673,Tiktok,LÆ°Æ¡ng Quá»‘c HÃ¹ng,user.012016,https://www.tiktok.com/@memut1706/video/7587649349719510279?cid=NzU4ODE2ODkwMDMwODIyMjczNw,6769763228617884673_7587649349719510279,,,,,tiktokComment,,VÄƒn báº£n Ä‘á» cáº­p 'vinfast' vÃ  thá»ƒ hiá»‡n cáº£m xÃºc tiÃªu cá»±c vá» xe Ä‘iá»‡n Vinfast.,,,neutral
6670,7588742267129564423_7588908528304866049,6929256661fe19430ca50d22,Vinfast,Thá»i Ä‘iá»ƒm hiá»‡n táº¡i chi phÃ­ váº­n hÃ nh con vf3 cÃ²n ráº» hÆ¡n con xe mÃ¡y. #vinfastvf3 #vinfast #xuhuong #vf3,"pin nÃ³ báº£o hÃ nh 7 8 nÄƒm, pin chai dÆ°á»›i 70% Ä‘c bh thay miá»…n phÃ­, mÃ y cÃ³ nghe tháº¥y ko hay bá»‹ Ä‘iáº¿c",bÃ³c pin xe vf,https://www.tiktok.com/@vf3.kh.nht.th.gii/video/7588742267129564423?cid=NzU4ODkwODUyODMwNDg2NjA0OQ,28/12/2025,Negative,Neutral,AI sai,vf3.kh.nht.th.gii,7585524402411242504,Tiktok,duy anh,user20453352984878,https://www.tiktok.com/@vf3.kh.nht.th.gii/video/7588742267129564423?cid=NzU4ODkwODUyODMwNDg2NjA0OQ,7585524402411242504_7588742267129564423,,,,,tiktokComment,,"VÄƒn báº£n Ä‘á» cáº­p 'vinfast', thá»ƒ hiá»‡n sá»± lo ngáº¡i vá» pin xe VF3.",,,neutral
6671,7588069322237529351_7588189552142910226,6929256661fe19430ca50d22,Vinfast,Há»i tháº­t AE giá» mÃ  háº¿t mÃ  miá»…n phÃ­ sáº¡c AE cÃ³ cÃ²n mua xe Ä‘iá»‡n ná»¯a k ? #vinfast #vf7,"khi háº¿t báº£o hÃ nh mÃ  pháº£i thay pin thÃ¬ hÃ£ng sáº½ thu láº¡i pin cÅ© giÃ¡ 20-30% cá»§a pin má»›i anh nhÃ©, vÃ  yÃªn tÃ¢m lÃ  báº£o hÃ nh dÃ i háº¡n 8-10 nÄƒm",,https://www.tiktok.com/@phantradeptrai/video/7588069322237529351?cid=NzU4ODE4OTU1MjE0MjkxMDIyNg,26/12/2025,Negative,Neutral,AI sai,phantradeptrai,6902268232083817473,Tiktok,Phan TrÃ  Vinfast ThÃ¡i NguyÃªn,phantradeptrai,https://www.tiktok.com/@phantradeptrai/video/7588069322237529351?cid=NzU4ODE4OTU1MjE0MjkxMDIyNg,6902268232083817473_7588069322237529351,,,,,tiktokComment,,VÄƒn báº£n Ä‘á» cáº­p Ä‘áº¿n Vinfast vÃ  thá»ƒ hiá»‡n lo ngáº¡i vá» chi phÃ­ thay pin sau báº£o hÃ nh.,,,neutral
6672,7588069322237529351_7588150228022706952,6929256661fe19430ca50d22,Vinfast,Há»i tháº­t AE giá» mÃ  háº¿t mÃ  miá»…n phÃ­ sáº¡c AE cÃ³ cÃ²n mua xe Ä‘iá»‡n ná»¯a k ? #vinfast #vf7,"Ä‘iá»‡n lÃªn x4 giÃ¡ hiá»‡n nay thÃ¬ sá»­ dá»¥ng Ä‘i láº¡i báº±ng nhau áº¡, cÃ²n báº£o dÆ°á»¡ng thÃ¬ xe Ä‘iá»‡n váº«n ráº» hÆ¡n",,https://www.tiktok.com/@phantradeptrai/video/7588069322237529351?cid=NzU4ODE1MDIyODAyMjcwNjk1Mg,26/12/2025,Neutral,Positive,AI sai,phantradeptrai,6902268232083817473,Tiktok,Phan TrÃ  Vinfast ThÃ¡i NguyÃªn,phantradeptrai,https://www.tiktok.com/@phantradeptrai/video/7588069322237529351?cid=NzU4ODE1MDIyODAyMjcwNjk1Mg,6902268232083817473_7588069322237529351,,,,,tiktokComment,,"VÄƒn báº£n Ä‘á» cáº­p Ä‘áº¿n 'vinfast' vÃ  tháº£o luáº­n vá» viá»‡c mua xe Ä‘iá»‡n, cÃ³ yáº¿u tá»‘ so sÃ¡nh giÃ¡.",,,neutral
6673,7588069322237529351_7588146674120426258,6929256661fe19430ca50d22,Vinfast,Há»i tháº­t AE giá» mÃ  háº¿t mÃ  miá»…n phÃ­ sáº¡c AE cÃ³ cÃ²n mua xe Ä‘iá»‡n ná»¯a k ? #vinfast #vf7,háº¿t miá»…n phÃ­ sáº¡c chi phÃ­ sá»­ dá»¥ng váº«n ráº» gáº¥p 4 láº§n xe xÄƒng tÃ­nh cáº£ báº£o dÆ°á»¡ng áº¡,,https://www.tiktok.com/@phantradeptrai/video/7588069322237529351?cid=NzU4ODE0NjY3NDEyMDQyNjI1OA,26/12/2025,Negative,Positive,AI sai,phantradeptrai,6902268232083817473,Tiktok,Phan TrÃ  Vinfast ThÃ¡i NguyÃªn,phantradeptrai,https://www.tiktok.com/@phantradeptrai/video/7588069322237529351?cid=NzU4ODE0NjY3NDEyMDQyNjI1OA,6902268232083817473_7588069322237529351,,,,,tiktokComment,,VÄƒn báº£n Ä‘á» cáº­p 'vinfast' vÃ  thá»ƒ hiá»‡n sá»± khÃ´ng hÃ i lÃ²ng vá» viá»‡c háº¿t miá»…n phÃ­ sáº¡c.,,,neutral
6674,7588069322237529351_7588152399388328722,6929256661fe19430ca50d22,Vinfast,Há»i tháº­t AE giá» mÃ  háº¿t mÃ  miá»…n phÃ­ sáº¡c AE cÃ³ cÃ²n mua xe Ä‘iá»‡n ná»¯a k ? #vinfast #vf7,"báº£o hÃ nh 8-10 nÄƒm anh nhÃ©, cá»‘ gáº¯ng cÃ y quá»‘c 8-10 nÄƒm mÃ  váº«n tÃºc táº¯c thÃ¬ hÆ¡i yáº¿u",,https://www.tiktok.com/@phantradeptrai/video/7588069322237529351?cid=NzU4ODE1MjM5OTM4ODMyODcyMg,26/12/2025,Negative,Neutral,AI sai,phantradeptrai,6902268232083817473,Tiktok,Phan TrÃ  Vinfast ThÃ¡i NguyÃªn,phantradeptrai,https://www.tiktok.com/@phantradeptrai/video/7588069322237529351?cid=NzU4ODE1MjM5OTM4ODMyODcyMg,6902268232083817473_7588069322237529351,,,,,tiktokComment,,"VÄƒn báº£n Ä‘á» cáº­p Vinfast, thá»ƒ hiá»‡n sá»± hoÃ i nghi vá» Ä‘á»™ bá»n xe Ä‘iá»‡n.",,,neutral
6676,7587649349719510279_7588335219150783239,6929256661fe19430ca50d22,Vinfast,"Kiáº¿p náº¡n xe Äiá»‡n Vin PhÃ©t, VF3, Báº¡n cÃ³ há»‘i háº­n khÃ´ng ? #vinfast #vinfastvf3",Cáº©u miá»…n phÃ­ mÃ  táº¹t ga Ä‘iğŸ˜„ğŸ˜„ğŸ˜„ con xe cÃ³ lá»—i 1 vÃ i tÃ­ thÃ¬ báº£o hÃ nh dÄƒm bá»¯a ná»­a thÃ¡ng. Miá»…n sao mÃ¬nh Ä‘Æ°á»£c Ä‘i con xe thuá»™c vÃ o tinh hoa cá»§a Ä‘áº¥t nÆ°á»›c. Äáº³ng cáº¥p cá»§a tháº¿ giá»›i,,https://www.tiktok.com/@memut1706/video/7587649349719510279?cid=NzU4ODMzNTIxOTE1MDc4MzIzOQ,27/12/2025,Negative,Neutral,AI sai,memut1706,6769763228617884673,Tiktok,Taxi cháº¡y báº±ng XÄƒng,quoctuan833866,https://www.tiktok.com/@memut1706/video/7587649349719510279?cid=NzU4ODMzNTIxOTE1MDc4MzIzOQ,6769763228617884673_7587649349719510279,,,,,tiktokComment,,"VÄƒn báº£n Ä‘á» cáº­p 'vinfast', thá»ƒ hiá»‡n cáº£m xÃºc tiÃªu cá»±c vá» cháº¥t lÆ°á»£ng xe.",,,neutral
6677,7587309728896683282_7588122544591684359,6929256661fe19430ca50d22,Vinfast,Xe Ä‘iá»‡n khÃ³ chen chÃ¢n vÃ o thá»‹ trÆ°á»ng Viá»‡t Nam bá»Ÿi sá»± chi phá»‘i cá»§a Vinfast lÃ  quÃ¡ máº¡nh #financex #tiktoknews,"Xe Ä‘iá»‡n VF cá»©ng cÃ¡p hÆ¡n, háº­u mÃ£i tá»‘t hÆ¡n, tráº¡m sáº¡c kháº¯p nÆ¡i",,https://www.tiktok.com/@financex2/video/7587309728896683282?cid=NzU4ODEyMjU0NDU5MTY4NDM1OQ,26/12/2025,Neutral,Positive,AI sai,financex2,6786563490809054209,Tiktok,HleoCoffee,dr_hugped_sell_coffee,https://www.tiktok.com/@financex2/video/7587309728896683282?cid=NzU4ODEyMjU0NDU5MTY4NDM1OQ,6786563490809054209_7587309728896683282,,,,,tiktokComment,,VÄƒn báº£n Ä‘á» cáº­p Ä‘áº¿n Vinfast vÃ  Ä‘Ã¡nh giÃ¡ khÃ¡ch quan vá» vá»‹ tháº¿ cá»§a hÃ£ng.,,,neutral
6678,7587649349719510279_7588867339275502344,6929256661fe19430ca50d22,Vinfast,"Kiáº¿p náº¡n xe Äiá»‡n Vin PhÃ©t, VF3, Báº¡n cÃ³ há»‘i háº­n khÃ´ng ? #vinfast #vinfastvf3",á»§ Ä‘Æ°á»£c cá»©u há»™ miá»…n phÃ­ Ã  ğŸ˜³,,https://www.tiktok.com/@memut1706/video/7587649349719510279?cid=NzU4ODg2NzMzOTI3NTUwMjM0NA,28/12/2025,Negative,Neutral,AI sai,memut1706,6769763228617884673,Tiktok,Minh Äá»“ng ThÃ¡p,leminh66c1,https://www.tiktok.com/@memut1706/video/7587649349719510279?cid=NzU4ODg2NzMzOTI3NTUwMjM0NA,6769763228617884673_7587649349719510279,,,,,tiktokComment,,VÄƒn báº£n Ä‘á» cáº­p 'vinfast' vÃ  thá»ƒ hiá»‡n cáº£m xÃºc tiÃªu cá»±c vá» sáº£n pháº©m.,,,neutral
6684,7588358679427091730_7588569223773963015,6929256661fe19430ca50d22,Vinfast,NgÃ£ ngá»­a vá»›i hÃ³a Ä‘Æ¡n 10 nÄƒm 'nuÃ´i' Ã´ tÃ´: VÃ¬ sao xe Ä‘iá»‡n khÃ´ng ráº» nhÆ° nhiá»u ngÆ°á»i tÆ°á»Ÿng? #tiktoknews #taichinhkinhte #giabac #chuyendoixanh #xedien #tieudung,CÃ¡i nÃ y Vin nÃ³ Ä‘Ã£ báº£o hÃ nh 10 nÄƒm rá»“i ğŸ¤£ğŸ¤£ğŸ¤£ bá»n hÃ£ng khÃ¡c cÃ³ lÃ m Ä‘c ko,"Xe MÃ¡y Äiá»‡n Vinfast,sá»­a xe Ã´ tÃ´ cÅ©",https://www.tiktok.com/@kienthuckinhte28/video/7588358679427091730?cid=NzU4ODU2OTIyMzc3Mzk2MzAxNQ,27/12/2025,Positive,Neutral,AI sai,kienthuckinhte28,7039623152608216066,Tiktok,quyarsenal_93,quyarsenal_93,https://www.tiktok.com/@kienthuckinhte28/video/7588358679427091730?cid=NzU4ODU2OTIyMzc3Mzk2MzAxNQ,7039623152608216066_7588358679427091730,,,,,tiktokComment,,"VÄƒn báº£n Ä‘á» cáº­p Ä‘áº¿n Vinfast vá»›i cáº£m xÃºc tÃ­ch cá»±c, hÃ i hÆ°á»›c vá» chÃ­nh sÃ¡ch báº£o hÃ nh.",,,neutral
